name,id,qid,display_name,full_names,duplicate_of
Kees Aarnink,A1411,,Kees Aarnink,,
B van Aartsen; Bob van Aartsen,A1,Q55007485,Bob van Aartsen,Leendert Izaak Pieter van Aartsen,
Johan Abenius,A2,,Johan Abenius,,
Henri-Pierre Aberlenc,A3,Q103160499,Henri-Pierre Aberlenc,,
C van Achterberg; Cees van Achterberg; Kees van Achterberg,A4,Q21340406,Cees van Achterberg,Cornelis van Achterberg; Kees van Achterberg,
D M Ackland,A5,Q106464337,David Michael Ackland,,
David J L Agassiz,A6,Q21388020,David John Lawrence Agassiz,,
Gian Luca Agnoli,A7,Q104876392,Gian Luca Agnoli,,
Donat Agosti,A8,Q20650434,Donat Agosti,,
Florencio Aguirrezabalaga,A9,,Florencio Aguirrezabalaga,,
E J Al,A10,,E J Al,,
Xavier Vázquez-Albalate,A11,,Xavier Vázquez-Albalate,,
Vincent Albouy,A12,,Vincent Albouy,,
José Luis Nieves Aldrey,A13,Q21390008,José Luis Nieves Aldrey,,
Geoffrey W Allen,A14,,Geoffrey W Allen,,
José Maria Dusmet y Alonso,A15,Q55008258,José Maria Dusmet y Alonso,,
Miguel Alonso,A16,Q21076183,Miguel Alonso,,
Han Alta,A17,Q107371655,Johannes Alta,Han Alta,
Florian Altermatt,A18,Q21337616,Florian Altermatt,,
Roman Alther,A19,Q54670051,Roman Alther,,
Tom Alvestad,A20,Q21393971,Tom Alvestad,,
Carme Alós,A21,,Carme Alós,,
Felix Amiet,A22,Q107664361,Felix Amiet,Félix Amiet,
Dalton De Souza Amorim,A23,Q21339931,Dalton De Souza Amorim,,
C Amédégnato,A24,Q21340473,Christiane Amédégnato,Christiane Amédégnato-Loisele,
Arne Andersen,A25,,Arne Andersen,,
Trond Andersen,A26,Q22112892,Trond Andersen,,
Roy Anderson,A27,Q28815160,Roy Anderson,,
Göran Andersson,A28,Q77033535,Göran Andersson,,
Ana Cristina Andreu,A29,Q63198319,Ana Cristina Andreu,,
Marc André,A30,Q45012034,Marc André,,
Fernand Angel,A31,Q3069031,Fernand Angel,,
Alexander V Antropov; Alexander Valentinovich Antropov,A32,Q22106983,Alexander Valentinovich Antropov,,
Sandra Antunes,A33,Q21388370,Sandra Antunes,,
Luisa M Díaz-Aranda,A34,Q86545839,Luisa M Díaz-Aranda,,
Javier Arbea,A35,Q21338461,Javier Arbea,Javier Ignacio Arbea-Polite,
M E Archer,A36,Q22105976,Michael Edward Archer,,
Werner Arens,A37,Q111460846,Werner Arens,,
Antonio Arillo,A38,Q21391935,Antonio Arillo,,
Jo Vegar Arnekleiv,A39,Q107372342,Jo Vegar Arnekleiv,,
Sandrine Cros-Arteil,A40,Q113031765,Sandrine Cros-Arteil,,
Jorge N Artigas,A41,,Jorge Narciso Artigas,Jorge Narciso José Artigas,
Peter D Ashlock,A42,Q21388313,Peter Dunning Ashlock,,
R R Askew,A43,Q22109519,Richard Robinson Askew,,
Horst Aspöck,A44,Q21339015,Horst Aspöck,,
Ulrike Aspöck,A45,Q21339012,Ulrike Aspöck,,
Thorsten Assmann,A46,Q2429050,Thorsten Assmann,,
Yulia Vyacheslavovna Astafurova,A47,Q22112696,Yulia Vyacheslavovna Astafurova,,
Jacques-F Aubert; Jacques Aubert,A48,Q3158155,Jacques-François Aubert,Jacques Aubert,
Razzaq Shalan Augul,A49,,Razzaq Shalan Augul,,
Berend Aukema,A50,Q26250609,Berend Aukema,,
Romana Capaccioni-Azzati,A51,Q41905832,Romana Capaccioni-Azzati,,
Jelena Ačanski,A52,Q21392187,Jelena Ačanski,,
BLWG,A53,Q2268329,BLWG,Bryologische en Lichenologische Werkgroep,
Davide Badano,A54,Q27922246,Davide Badano,,
André Badonnel,A55,Q4759817,André Badonnel,,
Jean Georges Baer,A56,Q6170741,Jean Georges Baer,,
Hannco P A J Bakker,A57,Q47301895,Hannco Bakker,Piet A J Bakker,
Wim Bakker,A58,Q104107621,Wim Bakker,Wim H Bakker,
Alfred Balachowsky,A59,Q2340504,Alfred Balachowsky,Alfred Serge Balachowsky,
Stuart G Ball,A60,Q107616475,Stuart Gordon Ball,,
Józef Banaszak,A61,Q11729896,Józef Banaszak,,
Natalie Banks,A62,Q117753849,Natalie Banks,,
Jacques Baraud,A63,Q47494869,Jacques Baraud,,
Yvan Barbier,A64,Q107665169,Yvan Barbier,,
Maxwell V L Barclay,A65,Q6794555,Maxwell V L Barclay,,
Aat Barendregt,A66,Q58151171,Aat Barendregt,,
Peter Barnard,A67,Q112549664,Peter Barnard,,
Ruth Barnich,A68,Q16438861,Ruth Barnich,,
Enrique García-Barros,A69,Q21392422,Enrique García-Barros,,
G Mandahl-Barth,A70,Q101552344,Georg Mandahl-Barth,Georg Daniel Mandahl-Barth,
Hans Bartsch,A71,,Hans Bartsch,,
Roberto Battiston,A72,Q59223797,Roberto Battiston,,
Vincent Baudraz,A1400,,,,
Michel Baudraz,A1401,,,,
Ernst Bauernfeind,A73,Q27440720,Ernst Bauernfeind,,
Jean-Yves Baugnée,A74,Q107631264,Jean-Yves Baugnée,,
Władysław Bazyluk,A75,Q21339225,Władysław Bazyluk,,
Regina Bańkowska,A76,Q60837892,Regina Bańkowska,Regina Bańkowska-Pisarska,
Antonio Bea,A77,,Antonio Bea,,
Jean-Claude Beaucournu,A78,Q27056162,Jean-Claude Beaucournu,,
Jacques De Beaumont,A79,Q3160240,Jacques De Beaumont,,
Stella D Beavan,A80,,Stella D Beavan,,
Dick Bekker,A81,,Dick Bekker,,
Heiko Bellman,A82,Q1594642,Heiko Bellman,,
Xavier Bellés,A83,Q21339357,Xavier Bellés,Xavier Bellés i Ros,
Claude Belpaire,A84,Q60660044,Claude Belpaire,,
Robert Belshaw,A85,Q21341994,Robert Belshaw,,
Klaas-Douwe Benediktus,A86,Q21076301,Klaas-Douwe Benediktus Dijkstra,,
Bengt Å Bengtsson,A87,Q21077783,Bengt Å Bengtsson,,
Pater Benno,A88,Q107564591,Pater Benno,Johannes Adrianus Vergeest,
Ulrich Bense,A89,Q106989274,Ulrich Bense,,
Robert Bernard Benson,A90,Q55016032,Robert Bernard Benson,,
P B Berents,A91,Q107882594,‪Penelope B Berents,Penny Berents; Penelope Berents,
Alexander Berg,A92,Q22106740,Alexander Berg,,
Aart van den Berg,A93,,Aart van den Berg,,
Matty P Berg; M Berg; Matty Berg,A94,Q55948263,Matty Berg,Matheus Petrus Berg,
Matz Berggren,A95,Q22103614,Matz Berggren,,
Johannes Bergsten,A96,Q21858544,Johannes Bergsten,,
Bibiche Berkholst,A97,,Bibiche Berkholst,,
Lucien Berland,A98,Q1873379,Lucien Berland,,
Francis Bernard,A99,,Francis Bernard,,
R Bernasconi,A100,Q89801982,Reno Bernasconi,,
Michel Bertrand,A101,,Michel Bertrand,,
Celia Besteiro,A102,Q53349665,Celia Besteiro,,
Emma Betts,A103,,Emma Betts,,
Paul Beuk; Paul L T Beuk,A104,Q50822480,Paul Leonardus Theodorus Beuk,Paulus Leonardus Theodorus Beuk,
Leo Beukeboom,A105,,Leo Beukeboom,,
Wouter Beukema,A106,Q54503761,Wouter Beukema,,
Frits van Beusekom,A107,,Frits van Beusekom,,
J Beyens,A108,,J Beyens,,
Marina J Orlova-Bienkowskaja,A109,Q91330951,Marina J Orlova-Bienkowskaja,,
Andrzej O Bieńkowski,A110,Q21339787,Andrzej Olegovič Bieńkowski,,
David T Bilton,A111,Q54555018,David T Bilton,,
A Binazzi,A112,,A Binazzi,,
Jacques Bitsch,A113,Q96001270,Jacques Bitsch,,
Vítězslav Bičík,A114,Q95097924,Vítězslav Bičík,,
Ulf Bjelke,A115,Q21745494,Ulf Bjelke,,
Roger Laurence Blackman,A116,Q22112358,Roger Laurence Blackman,,
Michel Blanc,A117,Q22114018,Michel Blanc,,
Sofia Blank,A118,Q133519005,Sofia Blank,Sofia Gylje Blank,
Michel Blant,A119,,Michel Blant,,
Rumsaïs Blatrix,A120,Q59668767,Rumsaïs Blatrix,,
Ortwin Bleich,A121,Q112972220,Ortwin Bleich,,
Theo Blick,A122,Q21341168,Theo Blick,,
Henning Blom,A123,Q21503184,Henning Blom,,
Jan van der Blom,A124,Q112972239,Jan van der Blom,,
Paul Blüthgen,A125,Q107562,Paul Blüthgen,August Victor Paul Blüthgen,
Geneviève Bobin,A126,Q113628524,Geneviève Bobin,,
Michiel Boeken,A127,Q111822401,Michiel Boeken,,
Peter Boer,A128,Q54864174,Peter Boer,,
Pieter J den Boer,A129,Q112972258,Pieter Johannes den Boer,Piet den Boer,
E Boer,A130,Q116211296,Edu Boer,,
Johan Bogaert,A131,,Johan Bogaert,,
Petr Bogusch,A132,Q25441216,Petr Bogusch,,
Richard M Bohart; Richard Mitchell Bohart,A133,Q7327533,Richard Mitchell Bohart,,
Jaroslav Boháč,A134,Q28600664,Jaroslav Boháč,,
Bobby Bok,A135,,Bobby Bok,,
Barry Bolton,A136,Q4741531,Barry Bolton,,
Lucio Bonato,A137,Q21389253,Lucio Bonato,,
Bernard Bordy,A138,Q107616877,Bernard Bordy,,
Lech Borowiec,A139,Q19973842,Lech Borowiec,,
F Bos,A140,,Frank Bos,,
Johan van 't Bosch,A141,,Johan van 't Bosch,,
Robert Bosmans,A142,Q21341165,Robert Bosmans,,
Rop Bosmans,A143,,Rop Bosmans,,
M Bosveld,A144,,Marja Bosveld,,
Sander Bot,A145,Q21491474,Sander Bot,,
Z R J Boubek; Zdeněk Bouček,A146,Q25171983,Zdeněk Rudolf Jan Bouček,,
Caroline Boudreault,A147,Q25440023,Caroline Boudreault,,
Estève Boutaud,A148,Q47525118,Estève Boutaud,,
Eugène-Louis Bouvier,A149,Q526527,Eugène-Louis Bouvier,,
Jaap Bouwman,A150,Q112972331,Jaap Bouwman,Jaap H Bouwman,
Jozef K A van Boven,A151,Q55073693,Jozef Karel Alphons van Boven,,
Ben Boyd,A152,,Ben Boyd,,
Etienne Branquart,A153,Q107614524,Etienne Branquart,,
Yoan Braud,A154,Q113628246,Yoan Braud,,
Matt E Braunwalder,A155,,Matt E Braunwalder,,
Florentino Braña,A156,,Florentino Braña,,
Ilse Breitwieser,A157,Q21516475,Ilse Breitwieser,,
Floris Brekelmans,A158,Q112972352,Floris Brekelmans,,
Martin J D Brendell,A159,Q107616906,Martin John Dudley Brendell,,
Robert Brightwell,A160,,Robert Brightwell,,
Gerard Brinkman,A161,,Gerard Brinkman,,
María del Carmen Brito,A162,,María del Carmen Brito,,
E B Britton,A163,Q21338129,Everard Baldwin Britton,,
Gavin R Broad,A164,Q21388543,Gavin R Broad,,
Christophe Brochard,A165,Q107616978,Christophe J E Brochard,,
J P Brock,A166,,J P Brock,James Patrick Brock?,
Reinoud van den Broek,A167,,Reinoud van den Broek,,
Sim Broekhuizen,A168,,Sim Broekhuizen,,
Henry Wilfred Brolemann,A169,Q21055003,Henry Wilfred Brolemann,Henri Wilfred Brölemann,
Arthur Erwin Brown,A170,Q2865089,Arthur Erwin Brown,,
Samuel D J Brown,A171,Q22111968,Samuel David James Brown,,
Francis Balfour-Browne,A172,Q8004264,Francis Balfour-Browne,William Alexander Francis Balfour-Browne,
Paul R G Browning,A173,,Paul R G Browning,,
Jos Bruers,A174,,Jos Bruers,,
Ben Brugge,A175,,Ben Brugge,,
John Bruinsma,A176,,John Bruinsma,,
Luc De Bruyn,A177,Q43265517,Luc De Bruyn,,
Rykel de Bruyne; Rykel H de Bruyne,A178,Q2304031,Rykel de Bruyne,,
Arten Rudolf Bryner,A179,Q63854263,Rudolf Bryner,,
Jens Brændegård,A180,Q55019827,Jens Brændegård,Jens Rasmus Jensen Brændegård,
F D Buck,A181,Q55021451,Frederick Duncan Buck,,
Matthias Buck,A182,Q38722295,Matthias Buck,,
Graham Budd,A183,Q5589492,Graham Budd,,
Rick Buesink,A184,,Rick Buesink,,
Herbert Buhr,A185,Q1608109,Herbert Buhr,,
Jörn Buse,A186,Q48021262,Jörn Buse,,
Jan C Buys,A187,,Jan C Buys,,
Matt Buys,A188,Q18983420,Matt Buys,Matthias Hendrik Buys,
Filippo Maria Buzzetti,A189,Q21491459,Filippo Maria Buzzetti,,
Rune Bygebjerg,A190,Q133520150,Rune Bygebjerg,,
B E Bykhovskiĭ,A191,Q4101270,Boris Evseevitch Bychowsky,Борис Евсеевич Быховский,
Gerhard Bächli,A192,Q58413061,Gerhard Bächli,,
Lucas Bérenger,A193,,Lucas Bérenger,,
Pavel Bína,A194,Q107617102,Pavel Bína,,
Christoph Bühler,A195,Q121816298,Christoph Bühler,,
CBIT,A196,,CBIT,,
Martin C Cadée,A197,,Martin C Cadée,,
Roberto A. Cambra,A198,Q27868232,Roberto A Cambra,,
Carmen Elisa Sáinz-Cantero,A199,,Carmen Elisa Sáinz-Cantero,,
Kees J Canters,A200,,Kees Jan Canters,,
Pierre Cantot,A201,,Pierre Cantot,,
Andree Cappellari,A202,,Andree Cappellari,,
Simon Capt,A203,Q121816315,Simon Capt,,
O Carlgren,A204,Q1803764,Oskar Carlgren,,
Santiago Pagola-Carte,A205,,Santiago Pagola-Carte,,
F A Carvalho,A206,Q54552779,Fernanda Antunes Carvalho,,
Gerry Cassis,A207,Q21340560,Gerry Cassis,Gerasimos Cassis,
Claude Caussanel,A208,Q2977150,Claude Caussanel,,
Björn Cederberg,A209,Q107379457,Björn Cederberg,,
Tomas Cedhagen,A210,Q87686178,Tomas Cedhagen,,
Waldemar Celary,A211,Q55391503,Waldemar Celary,,
Pierfilippo Cerretti,A212,Q21390683,Pierfilippo Cerretti,,
Maria Lourdes Chamorro,A213,Q22109736,Maria Lourdes Chamorro,,
Peter J Chandler; Peter Chandler,A214,Q22109506,Peter John Chandler,,
Gaëtan du Chatenet,A215,,Gaëtan du Chatenet,,
David K B Cheung,A216,,David K B Cheung,,
Édouard Chevreux,A217,Q3579776,Édouard Chevreux,,
Michael Chinery,A218,Q3308105,Michael Chinery,,
P M Choate,A219,,Paul Merrill Choate,,
Lucien Chopard,A220,Q951746,Lucien Chopard,,
Pater Chrysanthus,A221,Q21339490,Pater Chrysanthus,Wilhelmus Ebgertus Antonius Janssen,
Milan Chvála,A222,Q6850521,Milan Chvála,,
Frédéric Chérot,A223,Q22108985,Frédéric Chérot,,
Tomasz Cierzniak,A224,Q42393191,Tomasz Cierzniak,,
Harald Cigler,A225,Q121816381,Harald Cigler,,
Jean Claessens,A226,Q6451856,Jean Claessens,,
Marijke Claessens,A227,,Marijke Claessens,,
R Q S Clarke,A228,Q22112117,Robin Oscar Stewart Clarke,,
Jocelyn Claude,A229,,Jocelyn Claude,,
M Weis Clausen,A230,,Martha Weis Clausen,,
David K Clements,A231,Q107486385,David Kenneth Clements,,
L Clunie,A232,,L Clunie,,
Joaquín Abolafía Cobaleda,A233,,Joaquín Abolafía Cobaleda,,
Ralph Leonard Coe,A234,Q55024782,Ralph Leonard Coe,,
Ed O Colijn; Ed Colijn; E O Colijn,A235,Q21339834,Ed Colijn,,
Cedric A Collingwood,A236,Q21341236,Cedric Alex Collingwood,,
Gérard Collomb,A237,,Gérard Collomb,,
José Ignacio López Colón,A238,Q78683393,José Ignacio López Colón,,
Jean-Christophe Compte,A239,,Jean-Christophe Compte,,
Jérome Constant,A240,Q21391208,Jérome Constant,,
Alan Cooper,A241,,Alan Cooper,,
Armin Coray,A242,,Armin Coray,,
José María Salgado Costas,A243,Q22113982,José María Salgado Costas,,
Roger Costesseque,A244,Q55025336,Roger Costessèque,,
Jacques Coulon,A245,,Jacques Coulon,,
Michael L Cox,A246,,Michael L Cox,,
Francis Farr-Cox,A247,Q125389307,Francis Farr-Cox,Francis Leigh Farr-Cox,
Tineke Cramer,A248,,Tineke Cramer,,
Raymond C M Creemers; Raymond Creemers,A249,,Raymond Creemers,,
Stuart M Crofts,A250,,Stuart M Crofts,,
Roy Albert Crowson,A251,Q263054,Roy Albert Crowson,,
Astrid Cruaud,A252,Q52693287,Astrid Cruaud,,
Jane Cruickshank,A253,Q21458158,Jane Cruickshank,,
György Csòka,A254,Q30066739,György Csòka,,
Jan Cuppen,A255,,Jan Cuppen,,
Hub P J J Cuppen; H P J J Cupppen,A256,Q115814523,Hub P J J Cuppen,,
Marcos Roca-Cusachs,A257,Q27185836,Marcos Roca-Cusachs,,
Lucien Cuénot,A258,Q923187,Lucien Cuénot,,
Leander Czerny,A259,Q872729,Leander Czerny,Franz Czerny,
Jean-Pierre D'Hondt,A260,,Jean-Pierre D'Hondt,,
M J Dallwitz,A261,,Michael J Dallwitz,,
Greg Daniels,A262,Q22107505,Greg Daniels,,
Holger Heinrich Dathe,A263,Q1624525,Holger Heinrich Dathe,,
Philippe Dauguet,A264,,Philippe Dauguet,,
Olivia K Davies,A265,,Olivia K Davies,,
Murray Dawson,A266,Q107319357,Murray Dawson,Murray Ian Dawson,
Michael C Day,A267,Q107620152,Michael Charles Day,,
Marc Debreuil,A268,Q107379547,Marc Debreuil,,
Bernard Defaut,A269,,Bernard Defaut,,
Wouter Dekoninck,A270,Q42602657,Wouter Dekoninck,,
M J Delany,A271,Q70370821,Michael James Delany,,
Mathilde Delaunay,A272,Q53500519,Mathilde Delaunay,,
Jeroen J C W van Delft; Jeroen van Delft,A273,,Jeroen van Delft,,
Juan Antonio Delgado,A274,Q22114211,Juan Antonio Delgado,,
Bo Delling,A275,,Bo Delling,,
Laurent Demongin,A276,Q112513933,Laurent Demongin,,
Jenny Dent,A277,,Jenny Dent,,
Luc Denys,A278,Q84126126,Luc Denys,,
Valeriu Derjanschi,A279,Q116215922,Valeriu Derjanschi,Valeriu V Derzhansky,
Vincent Derreumaux,A280,,Vincent Derreumaux,,
Konjev Desender,A281,Q55027184,Konjev Desender,,
Raymond Despax,A282,Q21339840,Raymond Despax,,
Michel Dethier,A283,,Michel Dethier,,
Wilhelm van Deurs,A284,Q55027239,Wilhelm van Deurs,,
Dragon Research & Development,A285,,Dragon Research & Development,,
Hendrik Devriese,A286,Q30247933,Hendrik Devriese,,
Maël Dewynter,A287,Q50026160,Maël Dewynter,,
Annemarie van Diepenbeek,A288,,Annemarie van Diepenbeek,,
Olaf Diestelhorts,A289,Q107631288,Olaf Diestelhorst,,
Dominic Dijkshoorn,A290,,Dominic Dijkshoorn,,
Torsten Dikow,A291,Q28946171,Torsten Dikow,,
Paride Dioli,A292,Q3895844,Paride Dioli,,
R H L Disney,A293,Q21338435,Ronald Henry Lambert Disney,,
Per Djursvoll,A294,Q76900404,Per Djursvoll,,
Dieter Doczkal,A295,Q111460873,Dieter Doczkal,,
Serge Doguet,A296,Q46999344,Serge Doguet,,
Hermann Dollfuss,A297,Q107663618,Hermann Dollfuss,,
Camiel Doorenweerd,A298,Q21395465,Camiel Doorenweerd,,
James B Dorey,A299,Q61260111,James B Dorey,,
Per Douwes,A300,,Per Douwes,,
Martin Drake; C Martin Drake,A301,Q106755940,Christopher Martin Drake,,
Robert D Dransfield,A302,,Robert David Dransfield,,
Claudia Drees,A303,Q1097404,Claudia Drees,,
Bas Drost,A304,,Bastiaan Drost,Bastiaan J W Drost,
Daan Drukker,A305,,Daan Drukker,,
A Y Dubrovsky,A306,,A Y Dubrovsky,,
Evelyn Arthur Joseph Duffy,A307,Q28519220,Evelyn Arthur Joseph Duffy,,
Jan J van Duinen,A308,,Jan J van Duinen,,
H Duistermaat; Leni Duistermaat,A309,Q21511026,Helena Duistermaat,Leni Duistermaat,
Milagros Pilar Mier Durante,A310,Q21388712,Milagros Pilar Mier Durante,,
Ahmet Dursun,A311,Q28727074,Ahmet Dursun,,
François Dusoulier,A312,Q81332443,François Dusoulier,,
Libor Dvořák,A313,Q42066508,Libor Dvořák,,
Juan Ángel Díaz,A314,Q21389388,Juan Ángel Díaz,,
R D Eady,A315,Q55029900,Ronald Dennis Eady,,
Andreas Werner Ebmer,A316,Q21394024,Andreas Werner Ebmer,,
André van Eck,A317,,André van Eck,,
Chris Ecroyd,A318,Q105332711,Chris Ecroyd,Christopher E Ecroyd,
Christian Schmid-Egger,A319,Q21341757,Christian Schmid-Egger,,
Bengt Ehnström,A320,,Bengt Ehnström,,
Santos Eizaguirre,A321,Q107495034,Santos Eizaguirre,,
Disa Eklöf,A322,,Disa Eklöf,,
Claes U Eliasson,A323,,Claes U Eliasson,,
J M Elliot,A324,Q107574975,John Malcolm Elliott,,
Michael Elliot,A325,,Michael Elliot,,
Willem N Ellis,A326,,Willem Nicolaas Ellis,,
G W Elmes,A327,,Graham Wakely Elmes,,
Håkan Elmqvist,A328,,Håkan Elmqvist,,
Hallvard Elven,A329,Q45159848,Hallvard Elven,,
Fritz Isadore van Emden,A330,Q21339945,Fritz Isidore van Emden,,
C C Emig,A331,Q2965133,Christian Charles Emig,,
Willie van Emmerik,A332,Q131443240,Willie van Emmerik,Willie A M van Emmerik,
Mark Engels,A333,,Mark Engels,,
Eduard Enslin,A334,Q14927970,Eduard Enslin,,
Hermes Escalona,A335,Q21339759,Hermes Escalona,Hermes E Escalona,
Francisco Español,A336,Q8962174,Francisco Español,﻿Francisco Español i Coll,
Marina Blas Esteban,A337,Q21338266,Marina Blas Esteban,Marina Blas,
Howard E Evans,A338,Q4529589,Howard Ensign Evans,,
Chris Evenhuis,A339,,Chris Evenhuis,,
Louis Fage,A340,Q919310,Louis Fage,Jean Baptiste Louis Fage,
Louis Falcoz,A341,Q55031486,Louis Falcoz,,
Steven Falk,A342,,Steven Falk,,
Pierre Fauvel,A343,Q23749222,Pierre Fauvel,Pierre Louis André Fauvel,
Patrick Favre,A344,,Patrick Favre,,
Rob Felix,A345,Q96433469,Rob Felix,,
Ron Felix,A346,Q27834175,Ron Felix,,
N D M Fergusson,A347,Q107379803,Nigel Donald MacDade Fergusson,,
Tjomme Fernhout,A348,,Tjomme Fernhout,,
Gianluca Ferreti,A349,,Gianluca Ferretti,,
Charles Ferrière,A350,,Charles Ferrière,,
Dieter Fiege,A351,Q25998029,Dieter Fiege,,
José Manuel Tierno de Figueroa,A352,Q56452332,José Manuel Tierno de Figueroa,,
Michael G Fitton,A353,Q22107067,Michael Geoffrey Fitton,,
Cene Fišer,A354,Q21388420,Cene Fišer,,
Arne Fjellberg,A355,Q11959022,Arne Fjellberg,,
Kjell Ivar Flatberg,A356,,Kjell Ivar Flatberg,,
Alice Pruvot-Fol,A357,Q2836648,Alice Pruvot-Fol,,
Evelyn Cecil Muschamp d'Assis-Fonseca,A358,Q5321781,Evelyn Cecil Muschamp d'Assis-Fonseca,,
Paolo Fontana,A359,Q48977918,Paolo Fontana,,
Kerry Ford,A360,Q21513330,Kerry Ford,,
Elisabet Forsgren,A361,,Elisabet Forsgren,,
Mattias Forshage,A362,Q21073930,Mattias Forshage,,
Garth N Foster,A363,Q107631401,Garth Nicholas Foster,,
Markus Franzén,A364,,Markus Franzén,,
Frederic Charles Fraser,A365,Q5497000,Frederic Charles Fraser,,
Paul Freeman,A366,Q22114007,Paul Freeman,,
A Freidberg,A367,Q21391159,Amnon Freidberg,,
Laurie E Friday,A368,,Laurie Elizabeth Friday,,
Ariel-Leib-Leonid Friedman,A369,Q21390306,Ariel Leib Leonid Friedman,,
Thierry Frétey,A370,Q21395564,Thierry Frétey,,
Shunpei Fujie,A371,Q105410464,Shunpei Fujie,,
Rui Félix,A372,,Rui Félix,,
Brenda Bianca Rodrigues Jesse Fürstenau,A373,,Brenda Bianca Rodrigues Jesse Fürstenau,,
Christophe Galkowski,A374,Q21389613,Christophe Galkowski,,
Pedro Galán,A375,Q76424530,Pedro Galán,Pedro Manuel Galán Regalado,
Dmitry A Gapon,A376,Q83402571,Dmitry Aleksandrovich Gapon,Дмитрий Александрович Гапон,
J Gardeniers,A377,,Jean Gardeniers,Jean J P Gardeniers,
Beulah H Garner,A378,Q29220735,Beulah H Garner,,
Josefina Garrido,A379,Q25834830,Josefina Garrido,Josefina Garrido González,
Javier Fresneda Gaspar,A380,Q21390402,Javier Fresneda Gaspar,,
Ian David Gauld,A381,Q18239128,Ian David Gauld,,
Sven Gaun,A382,Q114613845,Sven Gaun,,
Severiano Fernández Gayubo,A383,Q28196965,Severiano Fernández Gayubo,,
Jörg Gebert,A384,Q48022348,Jörg Gebert,,
Rienk Geene,A1412,Q134235495,Rienk Geene,,
W Geiger,A385,,Willy Geiger,,
Jean-Jacques Geoffroy,A386,Q21388150,Jean-Jacques Geoffroy,,
Johann Gepp,A387,Q112116999,Johannes Gepp,,
Bruno Gereys,A388,,Bruno Gereys,,
Peter Gergely,A389,,Peter Gergely,,
Louis Germain,A390,Q3262029,Louis Germain,Alfred Louis Pierre Germain,
Antonio Monléon-Getino,A391,Q56803761,Antonio Monléon-Getino,,
R Geurts,A392,,R Geurts,,
Pier Mauro Giachino,A393,Q21394382,Pier Mauro Giachino,,
Roger Gibbons,A394,,Roger Gibbons,,
Teun van Gijzen,A395,,Teun van Gijzen,,
Oscar Reverter-Gil; O Reverter-Gil,A396,Q76887478,Oscar Reverter-Gil,,
Todd M Gilligan,A397,Q21338676,Todd M Gilligan,,
Amy-Marie Gilpin,A398,,Amy-Marie Gilpin,,
Alessandro Girodo,A399,,Alessandro Girodo,,
E Gittenberger,A400,Q25441805,Edmund Gittenberger,,
Andrea Di Giulio,A401,Q25451409,Andrea Di Giulio,,
William della Giustina,A402,Q113628559,William della Giustina,,
Harald Gjerde,A403,,Harald Gjerde,,
David Glenny,A404,Q18984971,David Glenny,,
Daniel Gloor,A405,Q28956630,Daniel Gloor,,
B Goddeeris,A406,,Boudewijn Goddeeris,,
Maurice Goetghebuer,A407,Q6793051,Maurice Goetghebuer,Maurice Emile Marie Goetghebuer,
Joseph F Gokcezade,A408,Q112964980,Joseph Francis Gokcezade,,
Yves Gonseth,A409,,Yves Gonseth,,
José Carlos Otero González,A410,,José Carlos Otero González,,
Volkert S van der Goot; Volkert Simon van der Goot,A411,Q15883539,Volkert Simon van der Goot,,
Gordon Gordh,A412,Q5585181,Gordon Gordh,,
Elena Gordún,A413,Q61090355,Elena Gordún,,
M Gosteli,A414,,M Gosteli,,
Kees Goudsmits,A415,,Kees Goudsmits,,
Marta Goula,A416,Q27440727,Marta Goula,,
Henri Goulet,A417,Q21391449,Henri Goulet,,
Goyatlah,A418,,Goyatlah,,
M W R de V Graham,A419,Q30612240,Marcus William Robert de Vere Graham,,
Laure Desutter-Grandcolas,A420,Q21339890,Laure Desutter-Grandcolas,,
Jocelia Grazia,A421,Q21394862,Jocelia Grazia,,
Vasily V Grebennikov,A422,Q107631422,Vasily Viktorovič Grebennikov,Vasilij Viktorovič Grebennikov,
Konstantin Grebennikov,A423,,Konstantin Grebennikov,,
František Gregor,A424,Q80715424,František Gregor,,
Lita Greve,A425,Q11986469,Lita Greve Jensen,,
Igor Yakovlevich Grichanov,A426,Q21390246,Igor Yakovlevich Grichanov,,
Fritz Geller-Grimm,A427,,Fritz Geller-Grimm,,
D Groenendijk,A428,,Dick Groenendijk,,
Scott V C Groom,A429,,Scott V C Groom,,
Tieneke de Groot,A430,,Tieneke de Groot,,
Patrick Grootaert,A431,Q21339960,Patrick Grootaert,Patrick Joseph Maurice Grootaert,
Arnold Grosscurt,A432,,Arnold Grosscurt,,
NZ Native Orchid Group,A433,Q115044531,NZ Native Orchid Group,,
Mark Grutters,A434,Q112972367,Mark Grutters,Mark A J Grutters,
Angel Guerra,A435,Q90291254,Ángel Guerra,,
Félix Guignot,A436,Q3092456,Félix Guignot,,
Domingo Jiménez Guirado,A437,,Domingo Jiménez Guirado,,
Nayana Gunathilaka,A438,Q88345422,Nayana Gunathilaka,,
Joseph Gusenleitner; Josef Gusenleitner,A439,Q21394008,Josef Gusenleitner,,
Fritz Gusenleitner,A440,Q28914046,Fritz Josef Gusenleitner,,
Hendrik Gysels,A441,Q55232264,Hendrik Gysels,,
Ulf Gärdenfors,A442,Q5779993,Ulf Gärdenfors,,
Kurt K Günther,A443,,Kurt K Günther,,
Hannes Günther,A444,,Hannes Günther,,
Robert A Haack,A445,,Robert A Haack,,
Ton van Haaren,A446,,Ton van Haaren,,
A C Jensen-Haarup,A447,Q4753747,Anders Christian Jensen-Haarup,,
Mike Hackston,A448,,Mike Hackston,,
M El-Haddad,A449,Q56600584,Mustapha El-Haddad,,
Jiří Hadrava,A450,Q57235852,Jiří Hadrava,,
Jean-Paul Haenni,A451,Q26238712,Jean-Paul Haenni,,
Krister Hall,A452,,Krister Hall,,
Ragnar Hall,A453,,Ragnar Hall,,
Grace Hall,A454,Q113468380,Grace Hall,,
Tomas Hallingbäck,A455,Q21514578,Tomas Hallingbäck,,
David G H Halstead,A456,Q107631488,David Gordon Howarth Halstead,,
Povl Hammer,A457,,Povl Hammer,,
Peter M Hammond,A458,Q22109768,Peter Michael Hammond,,
Lubomír Hanel,A459,Q95107257,Lubomír Hanel,,
Jana Hanelová,A460,,Jana Hanelová,,
Victor Hansen,A461,Q13512849,Victor Hansen,Victor Georg Hansen,
Hans G Hansson,A462,Q5789167,Hans G Hansson,,
Christer Hansson,A463,Q21389290,Christer Hansson,,
Hervé Harant,A464,Q45723689,Hervé Harant,,
Merel M van Haren,A465,Q22105999,Merel M van Haren,,
Charles Arthur Hart,A466,Q55043252,Charles Arthur Hart,,
Eric Hartgers,A467,,Eric Hartgers,,
C den Hartog,A1403,Q2997500,Cornelis den Hartog,Kees den Hartog,
Anne Hastings,A468,,Anne Hastings,,
Erling Hauge,A469,Q17096330,Erling Hauge,,
Martin Hauser,A470,Q21393550,Martin Hauser,,
Rense Haveman,A471,Q26714410,Rense Haveman,,
D L Hawksworth,A472,Q2531664,David Leslie Hawksworth,,
Robert J Heckford,A473,,Robert J Heckford,,
Lars Hedenäs,A474,Q21339265,Lars Hedenäs,,
Karl-Johan Hedqvist,A475,Q21391005,Karl-Johan Hedqvist,,
Adrie van Heerden,A476,,Adrie van Heerden,,
Erik Heibo,A477,Q40764721,Erik Heibo,,
Andreas von der Heide,A478,,Andreas von der Heide,,
Ole E Heie,A479,Q52382215,Ole Engel Heie,,
Theodoor Heijerman,A480,Q55229335,Theodoor Heijerman,,
Ernst Heiss,A481,Q21393489,Ernst Heiss,,
Wijnand R B Heitmans,A482,Q47478389,Wijnand R B Heitmans,,
Hans Hendrickx,A483,,Hans Hendrickx,,
K Henriksen,A484,,K Henriksen,,
Raimond Hensen,A485,,Raimond Hensen,,
Jean-Laurent Hentz,A486,Q75170825,Jean-Laurent Hentz,,
Jelger Herder,A487,,Jelger Herder,,
Mike Hermann,A488,Q107672664,Mike Hermann,,
D Hermes,A489,,Dik Hermes,Dik J Hermes,
Pilar Herrero,A490,Q21339691,Pilar Herrero,,
Jon L Herring,A491,Q21393976,Jon L Herring,,
Benno Herting,A492,Q55046317,Benno Wilhelm Herting,,
Hendrik Heukels,A493,Q13724262,Hendrik Heukels,,
Christa Heyting,A494,,Christa Heyting,,
Nicolás Pérez Hidalgo,A495,Q21388702,Nicolás Pérez Hidalgo,,
Walter Douglas Hincks,A496,Q18242576,Walter Douglas Hincks,,
Heikki Hippa,A497,Q14866891,Heikki Hippa,,
M Hodda,A498,,M Hodda,,
Ian David Hodkinson,A499,Q21388307,Ian David Hodkinson,,
René Hoess,A500,Q73515790,René Hoess,,
Augustin Hoffer,A501,Q55048503,Augustin Hoffer,,
Kevin M Hoffman,A502,,Kevin M Hoffman,,
Adolphe Hoffmann,A503,Q21341157,Adolphe Hoffmann,,
Trond Hofsvang,A504,,Trond Hofsvang,,
Willem Hogenes,A505,Q21340426,Willem Hogenes,,
Håkan Holien,A506,,Håkan Holien,,
Mogens Holmen,A507,Q115814865,Mogens Holmen,,
Göran Holmström,A508,,Göran Holmström,,
Knud Th Holst,A509,,Knud Thestesen Holst,,
W J Holverda,A510,,W J Holverda,,
Geerit Houtman,A511,,Geerit Houtman,,
P H Hovenkamp,A512,Q18985589,Peter Hans Hovenkamp,,
Milan Hradský,A513,,Milan Hradský,,
C Huber,A514,,C Huber,,
T Huddleston,A515,Q22112145,Trevor Huddleston,,
Kevin Huguenin,A516,,Kevin Huguenin,,
Frank Montgomery Hull,A517,Q27926165,Frank Montgomery Hull,,
U H Humpesch,A518,Q101113057,Uwe H Humpesch,,
Anthony Michael Hutson,A519,,Anthony Michael Hutson,,
Nils Hydén,A520,,Nils Hydén,,
Sectie Hymenoptera,A521,,Sectie Hymenoptera,,
Max Hächler,A522,,Max Hächler,,
Ambros Hänggi,A523,Q27440701,Ambros Hänggi,,
Sigmund Hågvar,A524,Q12000345,Sigmund Hågvar,,
R Hørring,A525,Q106718698,Richard Hørring,,
Pedro Membiela Iglesia,A526,,Pedro Membiela Iglesia,,
Eva Infiesta,A527,,Eva Infiesta,,
Tadashi Ishikawa,A528,Q22111716,Tadashi Ishikawa,石川　忠,
Carlos Pérez-Iñigo,A529,Q106111825,Carlos Pérez-Iñigo,,
Hans-Joachim Jacobs,A530,Q107673353,Hans-Joachim Jacobs,,
Pavel Jakubec,A531,Q41494888,Pavel Jakubec,,
Leo M Jalink,A532,,Leo M Jalink,,
Trevor James,A533,,Trevor James,,
R Ph Jansen,A534,,R Ph Jansen,,
E A Jansen,A535,,E A Jansen,,
Pieter Jansen,A536,Q6075604,Pieter Jansen,Piet Jansen,
Martien Janssen,A537,,Martien Janssen,,
A W Janssen,A538,,Adrie Willem Janssen,Adrianus Willem Janssen,
Maik Janssen,A539,,Maik Janssen,,
Frans Janssens,A540,Q55729852,Frans Janssens,,
René Jeannel,A541,Q933991,René Jeannel,,
Eduard Jendek,A542,Q21391666,Eduard Jendek,,
Kathe R Jensen,A543,Q21394076,Kathe R Jensen,,
Ad S Jensen,A544,Q5881839,Adolf Severin Jensen,,
M. Jeppson; M Jeppson,A545,Q36627800,Mikael Jeppson,,
J Jeppson,A546,,J Jeppson,,
Leslie Jessop,A547,,Leslie Jessop,,
Mengjie Jin,A548,,Mengjie Jin,,
Edvin W Johannesen,A549,Q36546314,Edvin W Johannesen,,
Niklas Johansson,A550,Q26831313,Niklas Johansson,,
Colin Johnson,A551,Q22110691,Colin Johnson,,
Dick Jones,A552,,Dick Jones,,
Trevor Jones,A553,,Trevor Jones,,
Herman de Jong,A554,Q105980439,Herman de Jong,,
Johnny de Jong,A555,Q133519162,Johnny de Jong,,
Kris Joosten,A556,,Kris Joosten,,
Karl Hermann Christian Jordan,A557,Q6371954,Karl Hermann Christian Jordan,,
Rafael Jordana,A558,Q21339046,Rafael Jordana,,
Séverin Jouveau,A559,Q53499605,Séverin Jouveau,,
Charles Joyeux,A560,Q47119769,Charles Joyeux,,
Avelinah Julius,A561,Q26714300,Avelinah Julius,,
Sunghoon Jung,A562,Q21390285,Sunghoon Jung,,
H F E Jungersen,A563,Q4534527,Hector Frederik Estrup Jungersen,,
Luis Felipe López-Jurado,A564,Q37482196,Luis Felipe López-Jurado,,
Lavrids Jørgenson,A565,,Lavrids Jørgenson,,
Ibrahim K Kaddou,A566,,Ibrahim K Kaddou,,
Jere Kahanpää,A567,Q28322508,Jere Kahanpää,,
Vincent Kalkman; Vincent J Kalkman,A568,Q21076311,Vincent J Kalkman,,
Elena Petrovna Kameneva,A569,Q23661092,Elena Petrovna Kameneva,Олена Петрівна Каменєва,
Yuuki Kamite,A570,Q27588529,Yuuki Kamite,上手雄貴,
Niko Kasalo,A571,Q112864671,Niko Kasalo,,
Julia Kasper,A572,Q62856012,Julia Kasper,,
R J M van Kats,A573,,Ruud J M van Kats,,
Gülay Kaçar,A574,,Gülay Kaçar,,
Christian Kehlmaier,A575,Q21339086,Christian Kehlmaier,,
Wilbert Kerkhof,A576,Q112972390,Wilbert Kerkhof,,
G J Kerrich,A577,Q55059292,Geoffrey John Kerrich,,
Mike Kerry,A578,,Mike Kerry,,
Jan Kersten,A579,,Jan Kersten,,
Izyaslav M Kerzhner,A580,Q4219576,Izyaslav Moiseevich Kerzhner,Изяслав Моисеевич Кержнер,
Stef Keulen,A581,,Stef Keulen,,
Fares Khoury,A582,Q48022508,Fares Khoury,,
L N Kidd,A583,,Leonard N Kidd,,
Jean-Jacques Kieffer,A584,Q4695,Jean-Jacques Kieffer,,
Junggon Kim,A585,Q21389761,Jung-Gon Kim,,
Douglas Eric Kimmins,A586,Q17048151,Douglas Eric Kimmins,,
Lynn Kimsey,A587,Q3819010,Lynn Kimsey,,
Arthur Kirchhofer,A588,,Arthur Kirchhofer,,
J B Kirkegaard,A589,,J B Kirkegaard,,
W F Klein,A590,,Wim F Klein,,
Martina Klein,A591,,Martina Klein,,
Roy M J C Kleukers; Roy Kleukers,A592,Q107564552,Roy Kleukers,,
Sędzimir Maciej Klimaszewski,A593,Q9352970,Sędzimir Maciej Klimaszewski,,
George Sydeny Kloet,A594,,George Sidney Kloet,,
A Klöcker,A595,Q21517607,Albert Klöcker,Albert Kløcker,
Petr Kment,A596,Q22109901,Petr Kment,,
Thomas Knebelsberger,A597,,Thomas Knebelsberger,,
Gerhard Kneitz,A598,Q20872202,Gerhard Kneitz,,
Sandra Knispel,A599,,Sandra Knispel,,
Yosio Kobayasi,A600,Q18341957,Yosio Kobayasi,小林義雄,
Sverre Kobro,A601,,Sverre Kobro,,
René Koehler,A602,Q3170540,René Koehler,Jean Baptiste François René Koehler,
Huib Koel,A603,,Huib Koel,,
K Koelman,A604,,K Koelman,,
Bram Koese,A605,,Bram Koese,,
Levente-Péter Kolcsár,A606,Q21390151,Levente-Péter Kolcsár,,
Henk-Jan van der Kolk,A607,Q88856684,Henk-Jan van der Kolk,,
B C Kondratieff,A608,Q21337717,Boris C Kondratieff,,
Alexander S Konstantinov,A609,Q20047229,Alexander S Konstantinov,,
Jacob Koopman,A610,Q21517723,Jacob Koopman,,
Roelof Jan Koops,A611,,Roelof Jan Koops,,
Valery Korneyev,A612,Q21340963,Valery Korneyev,,
Keith Korsmeyer,A613,Q57884550,Keith E Korsmeyer,,
Martijn Kos,A614,,Martijn Kos,,
A Koster,A615,Q112972426,Arie Koster,,
Katarzyna Koszela,A616,Q110737926,Katarzyna Koszela,,
M Kosztarab,A617,Q1119770,Mihály Kosztarab,Michael Kosztarab,
Alexey V Kovalev,A618,,Alexey V Kovalev,,
Marcelo Kovačić,A619,,Marcelo Kovačić,,
F Kozár,A620,Q16521346,Ferenc Kozár,,
Katja Kramp,A621,Q28399330,Katja Kramp,,
P L Kramp,A622,Q7151956,Paul Lassenius Kramp,Paul Torben Lassenius Kramp,
Jan Kranenbarg,A623,,Jan Kranenbarg,,
Werner Krause,A624,Q21513409,Werner Krause,,
Anne Krediet,A625,,Anne F Krediet,,
Barbara-Amina Gereben-Krenn,A626,Q112972463,Barbara-Amina Gereben-Krenn,,
Harald W Krenn,A627,Q14183812,Harald W Krenn,,
C A J Kreutz,A628,Q5753314,Carolus Adrianus Johannes Kreutz,Karel Kreutz,
Kees van der Krieke,A629,,Kees van der Krieke,,
Olger Krischan,A630,,Olger Krischan,,
Nina Pavlovna Krivosheina,A631,Q21341724,Nina Pavlovna Krivosheina,Нина Павловна Кривошеина,
Thomas Kroon,A632,,Thomas Kroon,,
Christian Kropf,A633,Q25441430,Christian Kropf,,
Arp Kruithof,A634,,Arp Kruithof,,
G Kruseman,A635,Q2898531,Gideon Kruseman,,
Wiesław Krzemiński,A636,Q21391946,Wiesław Krzemiński,,
W J Kuijper,A637,,Willem J Kuijper,,
J G J Kuiper,A638,Q2590958,Johannes Gijsbertus Jacobus Kuiper,Hans Kuiper,
Sven O Kullander,A639,Q3102016,Sven Oscar Kullander,,
Andrej Kunca,A640,,Andrej Kunca,,
Peter X Kunz,A641,,Peter X Kunz,,
Jan T Kuper,A642,,Jan T Kuper,,
N V Kurzenko,A643,,Nikolaj Vladimirovič Kurzenko,,
H Kutter,A644,Q21339244,Heinrich Kutter,,
Manja Kwak,A645,Q107631572,Manja Marion Kwak,,
Stefan von Kéler,A646,Q2338038,Stefan von Kéler,Stefan Kéler,
Jean Lacourt,A647,,Jean Lacourt,,
A W Lacourt,A1402,Q134071108,A W Lacourt,,
Tristan Lafranchis,A648,,Tristan Lafranchis,,
Dries Laget,A649,,Dries Laget,,
Naomi Lambrikx,A650,,Naomi Lambrikx,,
G Lampel,A651,,Gerolf Lampel,Gerolf Christian Lampel,
Peter Landolt,A652,Q96200383,Peter Landolt,,
R P Lane,A653,,Richard P Lane,,
Peter de Lange,A654,Q21389219,Peter de Lange,,
Marie-Claude Larivière,A655,Q21339329,Marie-Claude Larivière,,
Artur Larsson,A656,,Artur Larsson,,
Sv G Larsson,A657,Q55064306,Sven Gisle Larsson,,
Henri Launay,A658,,Henri Launay,,
Robert J Lavigne,A659,Q29001181,Robert J Lavigne,,
Thomas Lebard,A660,,Thomas Lebard,,
Claude Lebas,A661,Q122715731,Claude Lebas,,
Régine Vignes-Lebbe,A662,Q53500632,Régine Vignes-Lebbe,,
Jean Leclercq; Jean Leclerq,A663,Q111460967,Jean Leclercq,,
Seunghwan Lee,A664,Q21391580,Seunghwan Lee,,
Willem Marius Docters van Leeuwen,A665,Q2063732,Willem Marius Docters van Leeuwen,,
Jan van Leeuwen,A666,,Jan van Leeuwen,,
Virgilius Lefeber,A667,Q107541459,Broeder Virgilius Lefeber,Ben Lefeber,
Gerald Legg,A668,Q125389401,Gerald Legg,,
Laurens J J M van der Leij,A669,,Laurens J J M van der Leij,,
Arkadiy Stepanovitch Lelej; Arkady S Lelej,A670,Q21073943,Arkady Stepanovich Lelej,Аркадий Степанович Лелей; Arkadij Stepanovič Lelej; Arkadiĭ Stepanovich Leleĭ,
Cate Lemann,A671,,Cate Lemann,,
Roel Lemmens,A672,,Roel Lemmens,,
Kees Lems,A1408,,Kees Lems,,
Inge van Lente,A673,,Inge van Lente,,
Patrice Leraut,A674,Q16669144,Patrice Leraut,,
Rich A B Leschen,A675,Q22109237,Richard A B Leschen,,
Brian Levey,A676,Q22106476,Brian Levey,,
Richard Lewington,A677,Q7327364,Richard Lewington,,
Tomás Munilla León,A678,Q22113393,Tomás Munilla León,Tomás Munilla,
Ze-Jian Li,A679,Q21388409,Ze-Jian Li,,
Nederlandse Verening voor Libellenstudie,A680,,Nederlandse Vereniging voor Libellenstudie,,
Charles Lienhard,A681,Q21341705,Charles Lienhard,,
Carl H Lindroth,A682,Q5957868,Carl Hildebrand Lindroth,,
Anders Lindström,A683,Q39186524,Anders Lindström,,
Steven Wayne Lingafelter,A684,Q21337790,Steven Wayne Lingafelter,,
Walter Linsenmaier,A685,Q122444,Walter Linsenmaier,,
Mario Lippuner,A686,,Mario Lippuner,,
Andrew D Liston; Andrew Liston,A687,Q28563676,Andrew Liston,,
Jan Pieter van Lith,A688,Q55065042,Jan Pieter van Lith,,
Meng-Meng Liu,A689,Q21388414,Meng-Meng Liu,,
Håkan Ljungberg,A690,,Håkan Ljungberg,,
Koen Lock,A691,,Koen Lock,,
Valery M Loktionov,A692,Q21393793,Valery Mikhailovich Loktionov,Валерий Михайлович Локтионов; Valerij Michajlovič Loktionov,
O Lomholdt,A693,Q55065122,Ole Lomholdt,,
A J van Loon; André van Loon,A694,,André J van Loon,,
Anne Jan Loonstra,A695,,Anne Jan Loonstra,,
Massimo Lopresti,A696,,Massimo Lopresti,,
Thibault Lorin,A697,Q113628278,Thibault Lorin,,
Derek A Lott,A698,Q107387177,Derek A Lott,,
Alain Louveaux,A699,,Alain Louveaux,,
J K Lowry,A700,,J K Lowry,,
Verena Lubini,A701,Q21394170,Verena Lubini,,
William John Lucas,A702,Q47003954,William John Lucas,,
Jan Lucas,A1409,Q134236124,Jan Lucas,Johannes Antonius Wilhelmus Lucas,
María José Luciañez,A703,,María José Luciañez,Lucas,
Martin L Luff,A704,,Martin L Luff,,
Henryk Luka,A705,Q114240064,Henryk Luka,,
Klaus Lunau,A706,Q1422593,Klaus Lunau,,
Elise Wesenberg-Lund,A707,Q21339286,Elise Wesenberg-Lund,,
Kennet Lundin,A708,Q5967079,Kennet Lundin,,
Roland Lupoli,A709,Q27058134,Roland Lupoli,,
Leif Lyneborg,A710,Q22102498,Leif Lyneborg,,
Pavel Láska,A711,Q55626769,Pavel Láska,,
Eduardo López,A712,Q45945666,Eduardo López,,
María José López,A713,Q124424712,María José López,María José López Fernández,
Niklas Lönnell,A714,Q59604545,Niklas Lönnell,,
Astrid Løken,A715,Q1794758,Astrid Løken,,
Jørgen G Lützen,A716,,Jørgen G Lützen,,
A A Mabelis,A717,,Abraham A Mabelis,Bram Mabelis,
Ian MacGowan; Iain MacGowan,A718,Q21395759,Iain MacGowan,,
T T Macan,A719,Q18737227,Thomas Townley Macan,,
Dirk Maes,A720,Q25802815,Dirk Maes,,
Kaoru Maeto,A721,Q21393225,Kaoru Maeto,,
Karl N Magnacca,A722,Q21337823,Karl N Magnacca,,
Alain Maibach,A723,Q99307854,Alain Maibach,,
Peter S Maitland,A724,,Peter S Maitland,,
Kirill V Makarow,A725,Q54696725,Kirill Vladimirovich Makarov,Кирилл Владимирович Макаров,
Klas Malmberg,A726,Q87453266,Klas Malmberg,,
J Maltbæk,A727,,J Maltbæk,,
K H Mann,A1406,Q20712030,Kenneth Henry Mann,,
Beth Mantle,A728,,Beth Mantle,,
Renata Santos e Ernestino Maravalhas,A729,,Renata Santos e Ernestino Maravalhas,,
Paul Marchesi,A730,,Paul Marchesi,,
Tamar Marcus,A731,Q47525149,Tamar Marcus,,
Ernst Marcus,A732,Q15300532,Ernst Marcus,Ernst Gustav Gotthelf Marcus,
W Marggi,A733,,W Marggi,,
Jan W M Marijnissen,A734,,Jan W M Marijnissen,,
"Jose Antonio Marin
Fernandes",A735,Q21390355,José Antônio Marin Fernandes,,
Jane E Marshall,A736,Q22109756,Jane E Marshall,,
Judith Marshall,A737,Q21055949,Judith Marshall,,
Stephen A Marshall,A738,,Stephen A Marshall,,
Gilles San Martin,A739,Q88344397,Gilles San Martin,,
Michel Martinez,A740,Q3310302,Michel Martinez,,
Christian Marty,A741,Q22113768,Christian Marty,,
Guillermo San Martín,A742,Q21338901,Guillermo San Martín,,
Alejandro Martínez,A743,Q25802925,Alejandro Martínez,,
Franco Mason,A744,Q131169700,Franco Mason,,
María Paz Martín Mateo,A745,,María Paz Martín Mateo,,
Loïc Matile,A746,Q6694706,Loïc Matile,,
S Matsumura,A747,Q11104508,Shonen Matsumura,松村松年,
Peter Frederick Mattingly,A748,,Peter Frederick Mattingly,,
Volker Mauss,A749,Q25443957,Volker Mauss,,
Sławomir Mazur,A750,Q51036986,Sławomir Mazur,,
Libor Mazánek,A751,Q95381383,Libor Mazánek,,
J McQuart,A752,,J McQuart,,
Gleb Sergeevič Medvedev,A753,Q4287277,Gleb Sergeevič Medvedev,,
Frank van der Meer,A754,,Frank van der Meer,,
Bjarne A Meidell,A755,,Bjarne Andreas‏ Meidell,,
Rudolf Meier,A756,Q30078513,Rudolf Meier,,
W Meier,A757,,Walter Meier,,
Ruud van der Meijden,A758,Q2006003,Ruud van der Meijden,,
T Meijer,A759,,Tom Meijer,,
Mark Meijrink,A760,,Mark Meijrink,,
R D Meikle,A761,Q1309063,Robert Desmond Meikle,,
Thydsen Meinertz; N Thydsen Meinertz,A762,Q76448815,N Thydsen Meinertz,,
Valentín Pérez-Mellado,A763,Q51180248,Valentín Pérez-Mellado,,
Anna Soler-Membrives,A764,Q21391167,Anna Soler-Membrives,,
Arnold S. Menke,A765,Q21338321,Arnold Stephan Menke,Arnold Stephan Ernst‏ Menke,
Thomas Menut,A766,Q107728834,Thomas Menut,,
L Mercken,A767,,Luc Mercken,,
Bernhard Merz,A768,Q30106361,Bernhard Merz,Bernhard Felix Merz,
Ron Mes,A769,,Ron Mes,,
Henk Meuffels; H J G Meuffels; Henk J G Meuffels,A770,Q21393443,Henk Meuffels,Hendrikus Josephus Gerardus Meuffels,
Jason Meyer,A771,,Jason Meyer,,
Andreas Meyer,A772,Q119451031,Andreas Meyer,,
Adriaan W Gmelig Meyling,A773,Q111845657,Adriaan W Gmelig Meyling,,
Denis Michez,A774,Q26849322,Denis Michez,,
Łukasz Mielczarek,A775,Q128201220,Łukasz Mielczarek,,
Elizabeth Miller,A776,,Elizabeth Miller,,
Alessandro Minelli,A777,Q16121927,Alessandro Minelli,,
Elvira Mingo,A778,,Elvira Mingo,Elvira Mingo Pérez,
P A Mitchell,A779,,P A Mitchell,,
Ad Mol,A780,,Ad Mol,,
Marco Molfini,A781,,Marco Molfini,,
Victor Jose Monserrat,A782,Q27922267,Víctor José Monserrat,Víctor José Monserrat Montoya,
Eva Monteiro,A783,,Eva Monteiro,,
Albert Montori,A784,Q21339739,Albert Montori,,
Juan Moreira,A785,Q22106681,Juan Moreira,,
Antonio Vives Moreno,A786,Q22104798,Antonio Vives Moreno,,
D Morgan,A787,,David Morgan,,
E Morgulis,A788,Q21394219,Elizabeth Morgulis,,
David Morichon,A789,,David Morichon,,
G D Morison,A790,Q55068681,Guy Donald Morison,,
Micheal G Morris,A791,,Micheal G Morris,,
Chris Morse,A792,Q113712241,Chris Morse,,
Th Mortensen,A793,Q5994625,Theodor Mortensen,Ole Theodor Jensen Mortensen,
Gerd Müller-Motzfeld,A794,Q1510696,Gerd Müller-Motzfeld,,
Pierre Moulet,A795,Q21338217,Pierre Moulet,,
Laurence Alfred Mound,A796,Q21045173,Laurence Alfred Mound,,
Jean-Pierre Moussus,A797,Q113628292,Jean-Pierre Moussus,,
Agnieszka Draber-Mońko,A798,Q55003646,Agnieszka Draber-Mońko,,
Maciej Mroczkowski,A799,Q11765531,Maciej Mroczkowski,,
Werner Heinz Muche,A800,Q1304858,Werner Heinz Muche,,
Jan Muilwijk,A801,Q52162693,Jan Muilwijk,,
Lucile Muller,A802,,Lucile Muller,,
Miguel López Munguira,A803,Q21392414,Miguel López Munguira,,
Thorkild Munk,A804,,Thorkild Munk,,
Marko Mutanen,A805,Q21077772,Marko Mutanen,,
Bent J Muus,A806,Q110089445,Bent Jørgen Muus,,
László M Móczár,A807,Q28354750,László M Móczár,,
Andreas Müller,A808,,Andreas Müller,,
Juan Manuel Nieto Nafría,A809,Q21388707,Juan Manuel Nieto Nafría,,
Peter Nagel,A810,Q47165134,Peter Nagel,,
Carol G Nagy,A811,,Carol G Nagy,,
Emile Nat,A812,,Emile Nat,,
Romain Nattier,A813,Q22112485,Romain Nattier,,
SOVON Vogelonderzoek Nederland,A814,Q1707462,SOVON Vogelonderzoek Nederland,,
Vogelbescherming Nederland,A815,Q2391154,Vogelbescherming Nederland,,
Wolfgang Nentwig,A816,Q1591992,Wolfgang Nentwig,,
Peter J Neu,A817,Q75989501,Peter J Neu,,
Johann Neumayer,A818,Q55229229,Johann Neumayer,,
Rainer Neumeyer,A819,Q42673399,Rainer Neumeyer,,
B Neven,A820,,B Neven,,
Tim R New,A821,Q21338300,Tim R New,,
Samuel Nibouche,A822,Q57003968,Samuel Nibouche,,
Oliver Niehuis,A823,Q30210597,Oliver Niehuis,,
Tore R Nielsen,A824,Q17105917,Tore Randulff Nielsen,,
J C Nielsen,A825,Q99299894,Jens Christian Nielsen,,
Peder Nielsen,A826,Q28924356,Peder Nielsen,,
Boy Overgaard Nielsen,A827,Q110656003,Boy Overgaard Nielsen,,
Ole Fogh Nielsen,A828,,Ole Fogh Nielsen,,
Y D Burggraaf-van Nierop,A829,,Yvonne D Burggraaf-van Nierop,,
Stefan Niesiołowski,A830,Q942300,Stefan Niesiołowski,,
E J van Nieukerken; Erik J van Nieukerken,A831,Q22110755,Erik Johannes van Nieukerken,,
Hans Nieuwenhuijsen,A832,,Hans Nieuwenhuijsen,,
Gilbert Edward James Nixon,A833,Q55069459,Gilbert Edward James Nixon,,
Christoph Noever,A834,Q60752804,Christoph Noever,,
Machiel E Noordeloos,A835,Q1782697,Machiel Evert Noordeloos,,
J Noordijk; Jinze Noordijk,A836,Q54864399,Jinze Noordijk,,
Phil Novis,A837,Q54714134,Phil Novis,,
Martin Novák,A838,Q29514502,Martin Novák,,
Jakub Tomasz Nowakowski,A839,,Jakub Tomasz Nowakowski,,
Benedito Mendes Nunes,A840,Q21391554,Benedito Mendes Nunes,,
Arne Nygren,A841,Q22107000,Arne Nygren,,
Tommi Nyman,A842,Q40766033,Tommi Nyman,,
Linda Nyman,A843,,Linda Nyman,,
Camilla Næss,A844,,Camilla Næss,,
Jorge Núñez,A845,Q106597314,Jorge Núñez,,
Johann-Hendrik Nüß,A846,,Johann-Hendrik Nüß,,
B Odé,A847,,Baudewijn Odé,,
Joachim Oehlke,A848,Q73802076,Joachim Oehlke,,
Colin Ogle,A849,Q19001449,Colin Ogle,,
Michael Ohl,A850,Q21073950,Michael Ohl,,
Rob G Oldernburg,A851,,Rob G Oldernburg,,
Harold Oldroyd,A852,Q5661915,Harold Oldroyd,,
Sarah Siqueira Oliveira,A853,Q21389178,Sarah Siqueira Oliveira,,
Éric Ollivier,A854,Q96152362,Éric Ollivier,,
Massimo Olmi,A855,Q3297761,Massimo Olmi,,
‪Thomas M Onuferko,A856,Q52854223,‪Thomas M Onuferko,,
P van Ooijen,A857,Q113584830,Peter van Ooijen,,
P Oosterbroek; Pjotr Oosterbroek,A858,Q111424278,Pjotr Oosterbroek,,
Simon Jan van Ooststroom,A859,Q925131,Simon Jan van Ooststroom,,
Eylon Orbach,A860,Q48023081,Eylon Orbach,,
Concepción Ornosa,A861,Q28933989,Concepción Ornosa,,
Antonino Sánchez Ortega,A862,Q55072212,Antonino Sánchez Ortega,,
Julio Miguel Luzón Ortega,A863,,Julio Miguel Luzón Ortega,,
Anna Zakharovna Osychnyuk; Ганна Захарівна Осичнюк,A864,Q4339243,Anna Zakharovna Osychnyuk,Анна Захаровна Осычнюк,
José Carlos Oteri,A865,,José Carlos Oteri,,
C V Otterstrøm,A866,,Carl Vilhelm Otterstrøm,Carl Vilhelm Theodor Otterstrøm,
Preben Ottesen,A867,,Preben Ottesen,,
Wesley Overman,A868,,Wesley Overman,,
Bert Oving,A869,,Bert Oving,,
Richard J Packauskas,A870,Q21392118,Richard Jaunutis Packauskas,,
Guido Pagliano,A871,,Guido Pagliano,,
J M Palmer,A872,,Jenifer M Palmer,,
Göran Palmqvist,A873,,Göran Palmqvist,,
Dmitrij Viktorovitsch Panfilov,A874,Q55070183,Dmitrij Viktorovitsch Panfilov,Дмитрий Викторович Панфилов,
Roberto Antonio Pantaleoni,A875,Q27922266,Roberto Antonio Pantaleoni,,
Julio Parapar,A876,Q21392120,Julio Parapar,,
Octave Parent,A877,Q21282925,Octave Parent,,
Paul Paris,A878,Q3371956,Paul Paris,Jean Ferdinand Paul Paris,
Dena Paris,A879,Q56330111,Dena Paris,,
Paris,A880,,Paris,,
Jaekook Park,A881,Q117319576,Jaekook Park,,
Ben A Parslow,A882,Q21393514,Ben A Parslow,,
Mario García París,A883,Q21338798,Mario García París,,
Steven C Passoa,A884,Q21503158,Steven C Passoa,,
Juho Paukkunen,A885,Q21503164,Juho Paukkunen,,
Renaud Paulian,A886,Q3424938,Renaud Paulian,,
Alain Pauly,A887,Q21503170,Alain Pauly,,
Niels De Pauw,A888,,Niels De Pauw,,
Kenneth Richard Payne,A889,,Kenneth Richard Payne,,
Enid Rowena Peacock,A890,Q66621073,Enid Rowena Peacock,,
E J Pearce,A891,Q55070400,Edmund James Pearce,,
Oswald Peck,A892,Q120868050,Oswald Peck,,
Jean-Carlo Pedroli,A893,,Jean-Carlo Pedroli,,
K Peeters,A894,,Kris Peeters,,
Theo Peeters; Theo M J Peeters,A895,,Theo Peeters,,
Manuel Peralta Peralta,A896,,Manuel Peralta Peralta,,
Patrícia Garcia-Pereira,A897,,Patrícia Garcia-Pereira,Patrícia Nóbrega Coito Garcia Pereira,
John Frederick Perkins,A898,Q6234151,John Frederick Perkins,,
Robert Cyril Layton Perkins,A899,Q3434884,Robert Cyril Layton Perkins,,
Kill Persson,A900,,Kill Persson,,
Yuri Andreevich Pesenko,A901,Q42393224,Yuri Andreevich Pesenko,Юрий Андреевич Песенко,
D S Peters,A902,Q15436616,Dieter Stefan Peters,,
P Esben-Petersen; Esben Petersen,A903,Q7173879,Peter Esben-Petersen,,
B V Peterson,A904,,Bob Vern Peterson,,
Eduard Petitpierre,A905,Q22107333,Eduard Petitpierre,Eduard Petitpierre Vall,
Toby R Petrice,A906,Q21394032,Toby R Petrice,,
Mats W Petterson,A907,,Mats W Petterson,,
Moa Pettersson,A908,,Moa Pettersson,,
Lukas Pfiffner,A909,Q114240077,Lukas Pfiffner,,
François Picard,A910,Q21516560,François Picard,,
Luca Picciau,A911,Q23675047,Luca Picciau,,
Fermín Martín Piera,A912,Q5444430,Fermín Martín Piera,,
Claude Pierre,A913,,Claude Pierre,,
Sander Pieterse,A914,,Sander Pieterse,,
Luigi Cao Pinna,A915,,Luigi Cao Pinna,,
Brian Roy Pitkin,A916,Q27889942,Brian Roy Pitkin,,
Bruno Pittioni,A917,Q55070866,Bruno Pittioni,,
Fons van der Plas,A918,Q47460628,Fons van der Plas,,
Luitfried von Salvini-Plawen,A919,Q2676114,Luitfried von Salvini-Plawen,,
Juan Manuel Pleguezuelos,A920,Q119113593,Juan Manuel Pleguezuelos,,
Fredrik Pleijel,A921,Q6051677,Fredrik Pleijel,,
Jadwiga Danuta Plisko,A922,Q47517724,Jadwiga Danuta Plisko,,
Ewoud van der Ploeg,A923,,Ewoud van der Ploeg,,
S Podenas,A924,Q21391049,Sigitas Podenas,,
Raymond Poisson,A925,Q21523073,Raymond Poisson,Raymond Alfred Poisson,
Theresa M Poland,A926,,Theresa M Poland,,
Mark Pollet,A927,,Mark Pollet,,
Philippe Ponel,A928,Q101437844,Philippe Ponel,,
A A Ponomareva,A929,,A A Ponomareva,А А Пономарева,
Adrian Charles Pont; Adrian C Pont,A930,Q21339277,Adrian Charles Pont,,
Lidy Poot,A931,,Lidy Poot,,
Robert Dennis Pope,A932,,Robert Dennis Pope,,
Simon Poulain,A933,,Simon Poulain,,
Christophe Praz,A934,,Christophe Praz,,
Nicola Prehn,A935,,Nicola Prehn,,
﻿Marcel Prenant,A936,Q3289307,﻿Marcel Prenant,,
Francisca García Prieto,A937,,Francisca García Prieto,,
Maxim Yurievich Proshchalykin,A938,Q21393944,Maxim Yurievich Proshchalykin,,
Marko Prous,A939,Q21392410,Marko Prous,,
Miquel Pujol,A940,,Miquel Pujol,,
Eugenio Fernández-Pulpeiro; E Fernández-Pulpeiro,A941,Q68370195,Eugenio Fernández-Pulpeiro,,
René Pupier,A942,,René Pupier,,
Pavel V Putshkov,A943,Q112448470,Pavel V Putshkov,,
Jean Péricart,A944,Q51690520,Jean Péricart,,
Li Qiang,A945,,Li Qiang,,
Éric Queinnec,A946,Q30017161,Eric Quéinnec,,
Walter John Le Quesne,A947,Q55064463,Walter John Le Quesne,,
John Quinlan,A948,Q22104559,John Quinlan,,
A A Wiebes-RIjks; A A Wiebes-Rijks,A949,Q107382795,A A Wiebes-Rijks,,
Joop van Raam,A950,Q21606815,Joop van Raam,Joop C van Raam,
Vladimir Radchenko,A951,Q54663663,Vladimir Radchenko,Vladimir G Radchenko,
Ivo P Raemakers,A952,,Ivo P Raemakers,,
Ivo Raemakers,A953,,Ivo Raemakers,,
Olga Bakoly Ralisoa,A954,,Olga Bakoly Ralisoa,,
Thibault Ramage,A955,Q112208583,Thibault Ramage,,
Richard Randriamanantsoa,A956,,Richard Randriamanantsoa,,
Chris Raper,A957,,Chris Raper,,
Matthieu Rapp,A958,,Matthieu Rapp,,
Pierre Rasmont,A959,Q26849413,Pierre Rasmont,,
Mohammad Saleh Abdul-Rassoul,A960,,Mohammad Saleh Abdul-Rassoul,,
Alain Ratnadass,A961,,Alain Ratnadass,,
Hubert Rausch,A962,Q115867941,Hubert Rausch,,
Mira Rawet,A963,,Mira Rawet,,
Bill Raymond,A964,,Bill Raymond,,
Menno Reemer,A965,Q21491467,Menno Reemer,,
John Reichwein,A1410,Q134237075,John Reichwein,,
Weia Reinboud,A966,,Weia Reinboud,,
C Reisborg,A967,Q107615018,Christopher Reisborg,,
Ittai Renan,A968,Q48025812,Ittai Renan,,
Willem Renema,A969,,Willem Renema,,
Ladislaus Rezbanyai-Reser,A970,Q21341727,Ladislaus Rezbanyai-Reser,,
T B Reynoldson,A1404,Q134072130,Thomas Braban Reynoldson,,
Birgit Rhode; Birgit E Rhode,A971,Q26269698,Birgit E Rhode,,
Henri Ribaut,A972,Q45012433,Henri Ribaut,,
Jordi Ribes,A973,Q119457205,Jordi Ribes,,
Eva Ribes,A974,Q119456593,Eva Ribes,,
Owain Westmacott Richards,A975,Q15994706,Owain Westmacott Richards,,
Barry J Richardson,A976,Q22111123,Barry John Richardson,,
Philippe Richoux,A977,Q55628993,Philippe Richoux,,
Adolf Riedel,A978,Q55071887,Adolf Riedel,,
Erik Rindal,A979,Q55364275,Eirik Rindal,,
Veikko Rinne,A980,Q22112178,Veikko Rinne,,
Teemu Rintala,A981,,Teemu Rintala,,
Michael Rix,A982,Q22107105,Michael Rix,Michael Gordon Rix,
Stuart P M Roberts,A983,Q111498614,Stuart P M Roberts,,
Daniel Robineau,A984,,Daniel Robineau,,
Pablo Guerrero Rodríguez,A985,,Pablo Guerrero Rodríguez,,
A A Roelandse,A986,,A A Roelandse,Albertine A Roelandse?,
Christian Roesti,A987,Q113628320,Christian Roesti,,
C Roldán,A988,Q117287466,Carmen Roldán,Carmen Roldán Cornejo,
Jeremy Rolfe,A989,Q22668628,Jeremy Rolfe,Jeremy Richard Rolfe,
Ludmila Romasenko,A990,Q112972486,Ludmila Romasenko,Ludmiła Romasenko; Ludmila P Romasenko,
Jeroen de Rond,A991,,Jeroen de Rond,,
Iris de Ronde,A992,Q109422282,Iris de Ronde,,
Mervyn Roos,A993,,Mervyn Roos,,
Paolo Rosa,A994,Q22102989,Paolo Rosa,,
Maurice Rose,A995,Q113628442,Maurice Rose,,
Thomas Rosenberg,A996,,Thomas Rosenberg,,
Johannes C Roskam,A997,Q107614980,Johannes Cornelius Roskam,,
Emma Ross,A998,Q106729721,Emma Ross,,
G van Rossem,A999,Q19818912,Gerard van Rossem,,
Jonas Roth,A1000,,Jonas Roth,,
Graham Rotheray; Graham E Rotheray,A1001,Q107614988,Graham E Rotheray,,
Rudolf Rozkošný,A1002,Q22113262,Rudolf Rozkošný,,
Manuel Portillo Rubio,A1003,,Manuel Portillo Rubio,,
Fidel Fernández-Rubio,A1004,Q64153921,Fidel Fernández-Rubio,,
Daniel Ruiz,A1005,,Daniel Ruiz,,
Nils Rydén,A1006,Q55072147,Nils Rydén,,
Bertram G Rye,A1007,,Bertram George Rye,,
Nils Ryrholm,A1008,Q92208948,Nils Ryrholm,,
Anders Rådén,A1009,,Anders Rådén,,
Ulrik Ib Røen,A1010,,Ulrik Ib Røen,,
J Rüetschi,A1011,,J Rüetschi,,
Jan Růžička,A1012,Q22109689,Jan Růžička,,
Suzana Sabran,A1013,Q26714492,Suzana Sabran,S Suzana Sabran,
Sebastian Salata,A1014,Q21389622,Sebastian Salata,,
Ignacio Saiz Salinas,A1015,,Ignacio Saiz Salinas,,
Alfredo Salvador,A1016,Q22111676,Alfredo Salvador,Alfredo Salvador Milla,
Maria J Sanabria,A1017,,Maria J Sanabria,,
Allen F Sanborn,A1018,Q21338345,Allen F Sanborn,,
David Sannier,A1019,,David Sannier,,
E della Santa,A1020,,Edouard Della Santa,,
Reyes Peña Santiago,A1021,Q21394967,Reyes Peña Santiago,,
Éric Sardet,A1022,Q113628484,Éric Sardet,,
Jean-Pierre Sarthou,A1023,Q114575032,Jean-Pierre Sarthou,,
Michel Sartori,A1024,Q21392052,Michel Sartori,,
Giulia Scarparo,A1025,,Giulia Scarparo,,
Jaap van Schaik,A1026,Q88786731,Jaap van Schaik,,
Joop Schaminée,A1027,Q2830965,Joop Schaminée,,
Ulf Scheller,A1028,Q21393573,Ulf Scheller,,
Maarten Schermer,A1029,,Maarten Schermer,,
Erwin Scheuchl,A1030,Q21337753,Erwin Scheuchl,,
Nathan M Schiff,A1031,Q22107278,Nathan M Schiff,,
Harald Schillhammer,A1032,Q21395532,Harald Schillhammer,,
Menno Schilthuizen,A1033,Q6817184,Menno Schilthuizen,,
Konrad Schmidt,A1034,,Konrad Schmidt,,
Constantin Schmidt,A1035,Q48026058,Constantin Schmidt,,
Otto Schmiedeknecht,A1036,Q3357843,Otto Schmiedeknecht,,
Franz-Rudolf Schnitzler,A1037,Q21393254,Franz-Rudolf Schnitzler,,
Eric Schoeters,A1038,,Eric Schoeters,,
Michiel Schreijer,A1039,Q115815156,Michiel Schreijer,,
Erika Müller-Schulte,A1040,Q107564576,Erika Müller-Schulte,,
André Schulten,A1041,,André Schulten,,
Maximilian Schwarz,A1042,Q21337627,Maximilian Schwarz,,
Martin Schwarz,A1043,Q50147503,Martin Schwarz,,
Michael P Schwarz,A1044,Q103800324,Michael P Schwarz,,
Hans Richard Schwenninger,A1045,Q112965371,Hans Richard Schwenninger,,
Cristiano Feldens Schwertner,A1046,Q21390350,Cristiano Feldens Schwertner,,
Karen Scott,A1047,,Karen Scott,,
Sam Segal,A1048,Q29551744,Sam Segal,,
Stijn Segers,A1049,,Stijn Segers,,
Bernhard Seifert,A1050,Q22111401,Bernhard Seifert,,
Georges Senevet,A1051,Q21341497,Georges Senevet,,
Anna Seniczak,A1052,Q113488142,Anna Seniczak,,
Igor Shamshev,A1053,Q21340327,Igor Shamshev,Игорь Васильевич Шамшев; Igor Vasilievich Shamshev,
Anatole I Shatalkin,A1054,Q21392914,Anatole Ivanovich Shatalkin,Анатолий Иванович Шаталкин; Anatolij Ivanovič Šatalkin; Anatoliĭ Ivanovich Shatalkin,
Stephen Shattuck,A1055,,Stephen Shattuck,,
Mark R Shaw,A1056,Q25664888,Mark Robert Shaw,,
Akihiko Shinohara,A1057,Q21393519,Akihiko Shinohara,篠原明彦,
Alexandra Alexandrovna Shmeleva,A1058,Q124424924,Alexandra Alexandrovna Shmeleva,Александры Александровны Шмелёвой,
Henk Siepel,A1059,Q102420338,Henk Siepel,,
Liekele Sijstermans,A1060,Q104520930,Liekele Sijstermans,,
Erik Simons,A1061,,Erik Simons,,
Robert Terko Simonthomas,A1062,Q115862838,Robert Terko Simon Thomas,,
Reginald William Sims,A1063,Q47528296,Reginald William Sims,,
Carlos Simón,A1064,Q21341775,Carlos Simón,José Carlos Simón-Benito,
Olga Sivell,A1065,Q107383152,Olga Sivell,,
E Sjöro,A1066,,E Sjöro,,
Liselott Sjödin Skarp,A1067,,Liselott Sjödin Skarp,,
John Skartveit,A1068,Q11979052,John Skartveit,,
Josip Skejo,A1069,Q21390761,Josip Skejo,,
Paul Edward Skelley,A1070,Q21337759,Paul Edward Skelley,,
Gary J Skinner,A1071,,Gary J Skinner,,
Lars Skipper,A1072,,Lars Skipper,,
Dirk Slagter,A1073,,Dirk Slagter,,
Linde Slikboer,A1074,,Linde Slikboer,,
Malcolm J Smart,A1075,,Malcolm J Smart,,
John Smart,A1076,Q22113557,John Smart,,
Jane van der Smissen,A1077,Q55229394,Jane van der Smissen,,
Jan Smit,A1078,,Jan Smit,,
John T Smit; John Smit,A1079,Q65562599,John Smit,,
Franciscus Gerardus Albertus Maria Smit; F G A M Smit,A1080,Q25440857,Frans Gerardus Albertus Maria Smit,Franciscus Gerardus Albertus Maria Smit,
Harry Smit,A1081,Q21074212,Harry Smit,,
Kenneth George Valentine Smith,A1082,,Kenneth George Valentine Smith,,
David R Smith,A1083,Q22112423,David Rollins Smith,,
G B Smith,A1084,Q94701232,Graeme B Smith,,
Courtenay N Smithers,A1085,Q21338314,Courtenay Neville Smithers,,
Albano Soares,A1086,,Albano Soares,,
Menno Soes,A1087,Q112972509,Menno Soes,,
Antonio Giordani Soika,A1088,Q21503073,Antonio Giordani Soika,,
Tomas Soldan,A1089,Q21341876,Tomáš Soldán,,
Fabien Soldati,A1090,Q97139265,Fabien Soldati,,
John O Solem,A1091,,John O Solem,,
Alexey Solodovnikov,A1092,Q50133063,Alexey Solodovnikov,Alexey Yurievich Solodovnikov,
Villu Soon,A1093,Q22112963,Villu Soon,,
Jun Souma,A1094,Q90770121,Jun Souma,相馬 純,
Javier Souto; J Souto,A1095,Q21391220,Javier Souto,Javier Souto Derungs,
Martin C D Speight,A1096,Q27922088,Martin Christopher Dean Speight,,
Kenneth A Spencer,A1097,Q22109266,Kenneth Angus Spencer,,
Jeroen Speybroeck,A1098,Q60729576,Jeroen Speybroeck,,
Fiona Spier,A1099,,Fiona Spier,,
Frank Spikmans,A1100,,Frank Spikmans,,
Charles-Jacques Spillmann,A1101,Q113628667,Charles-Jacques Spillmann,,
Kamiel Spoelstra,A1102,Q56786464,Kamiel Spoelstra,,
Ashley H Kirk-Spriggs,A1103,Q21392129,Ashley H Kirk-Spriggs,,
R T Springthorpe,A1104,Q22106586,Roger T Springthorpe,,
R Spräck,A1105,,R Spräck,,
Thomas Stach,A1106,Q88481484,Thomas Stach,,
Agata Luka-Stan,A1107,,Agata Luka-Stan,,
Gionata Stancher,A1108,Q99417447,Gionata Stancher,,
Danswell Starr,A1109,,Danswell Starr,,
Wojciech Staręga,A1110,Q20830536,Wojciech Staręga,,
C M Steenberg,A1111,Q59559584,Carl Marinus Steenberg,,
Jeroen van Steenis,A1112,Q27922080,Jeroen van Steenis,,
Wouter van Steenis,A1113,,Wouter van Steenis,,
Constantí Stefanescu,A1114,Q95987496,Constantí Stefanescu,,
Ana Stefanović,A1115,,Ana Stefanović,,
Jennifer Steill,A1116,,Jennifer Steill,,
K Stephensen,A1117,Q21340384,Knud Stephensen,Knud Hensch Stephensen,
Mark I Stevens,A1118,Q21774043,Mark I Stevens,,
Kathleen Stewart,A1119,,Kathleen Stewart,,
Herman Stitz,A1120,Q21340999,Hermann Stitz,,
Roland Stockmann,A1121,,Roland Stockmann,,
Eric Stoffelen,A1122,,Eric Stoffelen,,
Ingvar Stol,A1123,,Ingvar Stol,,
Jakub Straka,A1124,Q21393594,Jakub Straka,,
Malin Strand,A1125,Q22105751,Malin Strand,,
Gerhard Strauß,A1126,Q111424768,Gerhard Strauß,,
Jean-Claude Streito,A1127,Q95385171,Jean-Claude Streito,,
Karim Strohriegl,A1128,,Karim Strohriegl,,
Ph Stroot,A1129,,Philippe Stroot,,
H L G Stroyan,A1130,Q107384222,Henry Lindsay Gray Stroyan,,
Alan E Stubbs,A1131,Q22105263,Alan E Stubbs,,
Pascal Stucki,A1132,,Pascal Stucki,,
F van Stuivenberg,A1133,,F van Stuivenberg,,
Gunilla Ståhls,A1134,Q21341630,Gunilla Ståhls,,
Emil Stöckhert,A1135,Q107664199,Emil Stöckhert,Emil Stoeckhert,
Luis S Subías,A1136,Q21391325,Luis Santos Subías,Luis Santos Subías Esteban,
John B Sugau,A1137,Q19002418,John B Sugau,,
Darwyn Sumner; Darwyn P Sumner,A1138,,Darwyn P Sumner,,
Per Sundberg,A1139,,Per Sundberg,,
Sebastian Sundberg,A1140,Q96084623,Sebastian Sundberg,,
P J Suter,A1141,Q21394261,Phillip John Suter,,
Joke De Sutter,A1142,,Joke De Sutter,,
Bo W Svensson,A1143,,Bo W Svensson,,
Lars Svensson,A1144,Q1806338,Lars Svensson,Lars Gunnar Georg Svensson,
C van Swaay,A1145,Q61161162,Chris van Swaay,Chris M A van Swaay,
Daniel R Swanson,A1146,Q30176375,Daniel R Swanson,,
SwissLepTeam,A1147,,SwissLepTeam,,
Francisco Javier Ortiz-Sánchez,A1148,,Francisco Javier Ortiz-Sánchez,,
Eugène Séguy,A1149,Q3060185,Eugène Séguy,,
Yves Séméria,A1150,Q3573974,Yves Séméria,,
Geir E E Søli; Geir Søli,A1151,Q30101445,Geir Søli,Geir E E Søli,
Gerrian Tacoma,A1152,,Gerrian Tacoma,,
Andreas Taeger,A1153,Q21073953,Andreas Taeger,,
Anne Helene Solberg Tandberg,A1154,Q47494227,Anne Helene Solberg Tandberg,,
Dariusz Tarnawski,A1155,Q21340611,Dariusz Tarnawski,,
Mike Taylor,A1156,Q22108039,Mike Taylor,,
George Taylor,A1157,Q2753575,George Taylor,,
Norman Tebble,A1158,Q58175942,Norman Tebble,,
David Tempelman,A1159,,David Tempelman,,
Gaston Tempère,A1160,Q47494139,Gaston Tempère,,
Michaël Terzo,A1161,Q26849502,Michaël Terzo,,
François Teyssié,A1162,,François Teyssié,,
N Thew,A1163,,Nigel Thew,,
Ralf Thiel,A1164,Q21389358,Ralf Thiel,,
Johan B M Thissen,A1165,,Johan B M Thissen,,
J A Thomas,A1166,Q107614972,John Arlen Thomas,,
Richard Thomas Thompson,A1167,Q21389996,Richard Thomas Thompson,,
Shaun Thompson,A1168,,Shaun Thompson,,
Philippe Thorens,A1169,,Philippe Thorens,,
N Thys,A1170,,N Thys,,
André Théry,A1171,Q19360767,André Théry,,
Pierre Goeldlin de Tiefenau,A1172,Q99307286,Pierre Goeldlin de Tiefenau,,
Leonie Tijsma,A1173,,Leonie Tijsma,,
Pierre Tillier,A1174,,Pierre Tillier,,
Einar Timdal,A1175,Q21339242,Einar Timdal,,
Koen Timmers,A1176,,Koen Timmers,,
Li Tingjing,A1177,Q25442457,Li Tingjing,,
Wolfgang Tobias,A1178,,Wolfgang Tobias,,
H Tolkamp,A1179,,Harry Tolkamp,,
Søren Tolsgaard,A1180,,Søren Tolsgaard,,
Dick van den Tooren,A1181,,Dick van den Tooren,,
Charles Edward Tottenham,A1182,Q26720893,Charles Edward Tottenham,,
Reinhold Treiber,A1183,,Reinhold Treiber,,
Przemysław Trojan,A1184,Q16592220,Przemysław Trojan,,
Jesús Souza Troncoso,A1185,,Jesús Souza Troncoso,,
John W H Trueman,A1186,Q21076328,John W H Trueman,,
The Shark Trust,A1187,Q7489815,The Shark Trust,,
Hans-Peter Tschorsnig,A1188,Q15441460,Hans-Peter Tschorsnig,,
Marika Tuiwawa,A1189,Q106690085,Marika Tuiwawa,Marika Vuli Tuiwawa,
Anders Tukler,A1190,,Anders Tukler,,
Hans Turin,A1191,,Hans Turin,,
H Turner,A1192,,Hans Turner,,
M. Rifat Ulusoy,A1193,,M. Rifat Ulusoy,,
D M Unwin,A1194,Q107614966,Dennis Martin Unwin,,
Victoriano Urgorri,A1195,Q12401854,Victoriano Urgorri,,
Akihiro Utagawa,A1196,,Akihiro Utagawa,,
Timothy M A Utteridge,A1197,Q21611301,Timothy Michael Arthur Utteridge,,
M Vaeremans,A1198,,M Vaeremans,,
Dante Vailati,A1199,Q21394392,Dante Vailati,,
Jean-Claude Vala,A1200,Q25441965,Jean-Claude Vala,,
Johannes Leonardus Cornelis Hendrikus van Valkenburg,A1201,Q21611349,Johannes Leonardus Cornelis Hendrikus van Valkenburg,,
Luis Felipe Valladares,A1202,Q101508398,Luis Felipe Valladares,Luis Felipe Valladares Díez,
Albert Vandel,A1203,Q2831612,Albert Vandel,,
G Vanhooren,A1204,,G Vanhooren,,
François Vankerkhoven,A1205,,François Vankerkhoven,,
Rudy Vannevel,A1206,,Rudy Vannevel,,
Zoltán Vas,A1207,Q29602402,Zoltán Vas,,
J van der Vecht,A1208,Q21338894,Jacobus van der Vecht,Jaap van der Vecht,
Mark P van Veen; M van Veen; Marcus Petrus van Veen; Mark van Veen,A1209,Q107614959,Mark P van Veen,Mark van Veen; Marcus Petrus van Veen,
Ron van 't Veer,A1407,Q134237920,Ron van 't Veer,,
José Miguel Vela,A1210,Q57001503,José Miguel Vela,José Miguel Vela López,
G van der Velde,A1211,Q25706530,Gerard van der Velde,,
Ilian Velikov,A1212,Q112801497,Ilian Velikov,,
Kars Veling,A1213,,Kars Veling,,
H H W Velthuis,A1214,Q107614952,Hayo Hans Willem Velthuis,,
Jan Verbeke,A1215,,Jan Verbeke,,
Annemieke Verbeken,A1216,Q21611640,Annemieke Verbeken,Annemieke T Verbeken; Mieke Verbeken,
Bernard Vercambre,A1217,,Bernard Vercambre,,
Thierry Vercauteren; T Vercauteren,A1218,,Thierry Vercauteren,,
Nicolas J Vereecken,A1219,Q55835187,Nicolas J Vereecken,,
Olivia Vergara,A1220,,Olivia Vergara,Olivia Edith Vergara Parra,
Fons Verheyde,A1221,Q111425072,Fons Verheyde,,
P M F Verhoeff,A1222,Q107569043,Pieter Marius François Verhoeff,Piet Verhoeff,
Michiel Verhofstad,A1223,Q88106500,Michiel Verhofstad,Michiel J J Verhofstad,
Koen Verhoogt,A1224,,Koen Verhoogt,,
Rikjan Vermeulen,A1225,,Rikjan Vermeulen,,
Paulette Vernières,A1226,Q113628506,Paulette Vernières,,
Hugo Verreycken,A1227,Q54762262,Hugo Verreycken,,
Pierre Viette,A1228,Q527421,Pierre Viette,,
Maartje Vijgenboom,A1229,,Maartje Vijgenboom,,
Anders Vik,A1230,,Anders Vik,,
Veli Vikberg,A1231,Q40766264,Veli Vikberg,,
Nikita Evgenievich Vikhrev,A1232,Q21394781,Nikita Evgenievich Vikhrev,Никита Евгеньевич Вихрев,
G Vinçon,A1233,,G Vinçon,,
Jean-David Chapelin-Viscardi,A1234,,Jean-David Chapelin-Viscardi,,
Gaby Viskens,A1235,,Gaby Viskens,,
Eduard Vives,A1236,Q23068712,Eduard Vives,Eduardo Vives Noguera,
Francisco Vives,A1237,,Francisco Vives,,
José Manuel Viéitez,A1238,Q60998605,José Manuel Viéitez,José Manuel Viéitez Martín,
Josh Vlach,A1239,,Josh Vlach,,
De Vlinderstichting,A1240,Q2848066,De Vlinderstichting,,
J R Vockeroth,A1241,Q21339996,John Richard Vockeroth,,
Jean-François Voisin,A1242,Q39754966,Jean-François Voisin,,
Mark G Volkovitsh,A1243,Q83722980,Mark G Volkovitsh,,
Jeroen Voogd,A1244,Q63437248,Jeroen Voogd,,
Jan Van Der Voort,A1245,,Jan Van Der Voort,,
Oscar Vorst,A1246,Q21392246,Oscar Vorst,,
Matthew Vosper,A1247,,Matthew Vosper,,
J N de Vries,A1248,,Jaap N de Vries,,
Reinier de Vries,A1249,,Reinier de Vries,,
Ante Vujić,A1250,Q21340424,Ante Vujić,,
L Vuyck,A1251,Q21393973,Laurens Vuyck,,
Hege Vårdal,A1252,Q40765397,Hege Vårdal,,
Sytske A de Waart; Sytske de Waart,A1253,,Sytske de Waart,Sytske A de Waart,
Willem Hendrik Wachter,A1254,Q6167526,Willem Hendrik Wachter,,
Eduard Wagner,A1255,Q20243350,Eduard Wagner,,
Jonatan Wahlberg,A1256,,Jonatan Wahlberg,,
Urban Wahlstedt,A1257,Q6229026,Urban Wahlstedt,,
Charles Wallace,A1258,,Charles Wallace,,
Adam M Wallner,A1259,Q21394963,Adam M Wallner,,
Harry Waltje,A1260,,Harry Waltje,,
Andrzej Warchałowski,A1261,Q21341372,Andrzej Warchałowski,,
Darren Francis Ward,A1262,Q22112000,Darren Francis Ward,Darren Ward,
J C Wardlaw,A1263,,Judith C Wardlaw,,
Klaus Warncke,A1264,Q21033055,Klaus Warncke,,
Marcel Wasscher; M Wasscher,A1265,Q107614946,Marcel Wasscher,,
Allan Watson,A1266,Q21503051,Allan Watson,,
Leslie Watson,A1267,Q5973802,Leslie Watson,,
J Webb,A1268,Q22110203,Jeffrey Webb,Jeffery M Webb,
Hermann H Weber,A1269,Q1291645,Hermann H Weber,Hermann Robert Weber,
Eddy J Weeda,A1270,Q21612349,Eddy J Weeda,,
Philippe Wegnez,A1271,Q99836834,Philippe Wegnez,,
Mei-Cai Wei,A1272,Q21388418,Mei-Cai Wei,,
Henrik Weibull,A1273,Q36580210,Henrik Weibull,,
Herbert Weidner,A1274,Q17575652,Herbert Weidner,,
Arne Wendler,A1275,Q30247907,Arne Wendler,,
Tom Wenseleers,A1276,Q39557776,Tom Wenseleers,,
J W Wenzel,A1277,Q111425376,John W Wenzel,,
Jean Werts,A1278,,Jean Werts,,
Sil Westra,A1279,,Sil Westra,,
Amoret P Whitaker,A1280,Q17560779,Amoret P Whitaker,,
Ian M White,A1281,Q111425235,Ian M White,,
R Whyte,A1282,Q7351035,Robert Whyte,,
Jacobus Theodorus Wiebes,A1283,Q20239827,Jacobus Theodorus Wiebes,,
Tharaka Wijerathna,A1284,Q88345421,Tharaka Wijerathna,,
Hay Wijnhoven,A1285,Q111425129,Hay Wijnhoven,,
Andrzej Wiktor,A1286,Q9153932,Andrzej Wiktor,,
Hansruedi Wildermuth,A1287,Q110222724,Hansruedi Wildermuth,,
L P M Willemse,A1288,Q107614830,Luc P M Willemse,,
Cornelis Joseph Maria Willemse,A1289,Q21339393,Cornelis Joseph Maria Willemse,,
Lars G Willighagen,A1290,Q45907528,Lars Gerard Willighagen,Lars Willighagen,
Harold L Willis,A1291,,Harold L Willis,,
A Dan Wilson,A1292,Q61139494,Alphus Dan Wilson,,
Jan Wind,A1293,,Jan Wind,,
Herluf Winge,A1294,Q1367509,Herluf Winge,Adolf Herluf Winge,
W K R E van Wingerden,A1295,Q107614690,Walther Karel Rudolf Erik van Wingerden,,
Jaap Winkelman,A1296,Q107614816,Jaap Winkelman,,
Jan-Åke Winqvist,A1297,Q107380588,Jan-Åke Winqvist,,
Wim de Winter,A1298,Q36700523,Wim de Winter,Wim P de Winter,
Rolf Witt,A1299,Q112514656,Rolf Witt,,
Heinrich Wolf,A1300,Q5700431,Heinrich Wolf,,
Robert Wolton,A1301,,Robert Wolton,,
Norman E Woodley,A1302,Q21337602,Norman E Woodley,,
K Wouters,A1303,Q21395719,Karel Wouters,,
Richard Wright,A1304,,Richard Wright,,
Gie Wyckmans,A1305,,Gie Wyckmans,,
Hans-Peter Wymann,A1306,,Hans-Peter Wymann,,
I Wynhoff,A1307,Q102427151,Irma Wynhoff,,
Denise Wyniger,A1308,Q21390495,Denise Wyniger,,
M Wüthrich,A1309,,Max Wüthrich,,
Xing-Ke Yang,A1310,Q21341770,Xing-Ke Yang,,
David Yeates,A1311,Q21340007,David Yeates,David Keith Yeates,
J O Young,A1405,Q98076567,,Johnstone O Young,
Eric Ythier,A1312,Q17651817,Eric Ythier,,
Tomás Yélamos,A1313,Q106526583,Tomás Yélamos,,
I Zabalegui,A1314,,I Zabalegui,,
G van der Zanden,A1315,Q112965126,Gijs van der Zanden,,
Blaise Zaugg,A1316,,Blaise Zaugg,,
Theo Zeegers; Th Zeegers,A1317,Q111822623,Theo Zeegers,Theodorus Zeegers; Theodorus Wilhelmus Petrus Zeegers,
Frederick Everard Zeuner,A1318,Q1248946,Frederick Everard Zeuner,,
Anatol Nikolajevitsch Zhelochovtsev,A1319,Q55074349,Anatol Nikolajevitsch Zhelochovtsev,,
Manfred Zimmermann,A1320,,Manfred Zimmermann,,
R Bert Zoetemeyer,A1321,,R Bert Zoetemeyer,Bert Zoetemeyer,
Pascale Zumstein,A1322,Q47525528,Pascale Zumstein,,
Casper Zuyderduyn,A1323,,Casper Zuyderduyn,,
Kees Zwakhals,A1324,Q25441632,Kees Zwakhals,,
Peter Zwick,A1325,Q22110901,Peter Zwick,,
Milan Zùbrik,A1326,Q68025069,Milan Zùbrik,,
www.microlepidoptera.nl,A1327,,www.microlepidoptera.nl,,
Fernando Álvarez,A1328,Q22106835,Fernando Álvarez,,
Óscar García-Álvarez,A1329,Q21338192,Óscar García-Álvarez,,
Kjetil Åkra,A1330,Q11981008,Kjetil Åkra,,
Sandra Åström,A1331,,Sandra Åström,,
Ika Österblad,A1332,,Ika Österblad,,
Frode Ødegaard,A1333,Q22109277,Frode Ødegaard,,
Adam Ślipiński,A1334,Q21061406,Adam Ślipiński,Stanisław Adam Ślipiński,
František Šifner,A1335,Q95178014,František Šifner,,
Vid Švara,A1336,Q21391041,Vid Švara,,
M Żabka; Marek Żabka,A1337,Q3846783,Marek Żabka,Marek Michał Żabka,
Dagmara Żyła,A1338,Q21393992,Dagmara Żyła,,
Robert Żóralski,A1339,,Robert Żóralski,,
Єлизавета Миронівна Ємчук,A1340,Q109338466,Elizaveta Myronivna Yemchuk,Єлизавета Миронівна Ємчук,
Валерій Михайлович Єрмоленко,A1341,Q4176606,Valery Mykhailovych Yermolenko,Валерій Михайлович Єрмоленко; Валерий Михайлович Ермоленко,
Михайло Петрович Ісков,A1342,Q24846451,Mykhailo Petrovych Iskov,Михайло Петрович Ісков,
Надія Іванівна Іскова,A1343,Q30961996,Nadiya Ivanivna Iskova,Надія Іванівна Іскова,
Василь Ісакович Абелєнцев,A1344,Q61116958,Vasyl Isakovych Abelientsev,Василь Ісакович Абелєнцев,
Віталій В'ячеславович Аністратенко,A1345,Q62923890,Vitaly Vyacheslavovych Anistratenko,Віталій В'ячеславович Аністратенко,
Ольга Юріївна Аністратенко,A1346,Q61128119,Olga Yuriivna Anistratenko,Ольга Юріївна Аністратенко,
Ігор Олександрович Балашов,A1347,Q22104996,Igor Oleksandrovych Balashov,Ігор Олександрович Балашов,
Е Н Белоусовa,A1348,,Е Н Белоусовa,,
Георгій Володимирович Бошко,A1349,,Georgiy Volodimirovych Boshko,Георгій Володимирович Бошко,
Валентина Дмитрівна Брайко,A1350,,Valentina Dmitrivna Braiko,Валентина Дмитрівна Брайко,
Василь Михайлович Бровдій,A1351,Q12084943,Vasyl Mykhailovych Brovdiy,Василь Михайлович Бровдій,
Семен Якович Бродський,A1352,,Semen Yakovych Brodskyi,Семен Якович Бродський,
Злата Сергіївна Гершензон,A1353,Q23659025,Zlata Serhiyivna Gershenzon,Злата Сергіївна Гершензон,
Оксана Борисівна Гребень,A1354,,Oksana Borysivna Greben,Оксана Борисівна Гребень,
Іраїда Іванівна Грезе,A1355,Q30610238,Iraida Ivanivna Greze,Іраїда Іванівна Грезе,
Ігор Васильович Довгаль,A1356,Q25441014,Igor Vasyliovych Dovgal,Ігор Васильович Довгаль,
Володимир Гдаліч Долін,A1357,Q4164896,Volodimir Gdalich Dolin,Володимир Гдаліч Долін,
Л А Жильцова,A1358,Q97660567,Lydia Andreevna Zhiltzova,Лидия Андреевна Жильцова,
Марина Дмитрівна Зерова,A1359,Q21706619,Marina Dmitrivna Zerova,Марина Дмитрівна Зерова,
Віталій Михайлович Зубаровський,A1360,Q12107155,Vitaly Mikhailovych Zubarovskyi,Віталій Михайлович Зубаровський,
Зоя Федорівна Ключко,A1361,Q17619552,Zoya Fedorivna Klyuchko,Зоя Федорівна Ключко,
Валентина Анатоліївна Кожевнікова,A1362,,Valentina Anatoliyivna Kozhevnikova,Валентина Анатоліївна Кожевнікова,
Тетяна Іванівна Комарова,A1363,,Tatyana Ivanivna Komarova,Тетяна Іванівна Комарова,
Світлана Василівна Кононова,A1364,Q23796615,Svitlana Vasylivna Kononova,Світлана Василівна Кононова,
Вадим Васильович Корнюшин,A1365,Q21654161,Vadim Vasylovych Kornyushin,Вадим Васильович Корнюшин,
Світлана Михайлівна Костенко,A1366,,Svitlana Mikhailivna Kostenko,Світлана Михайлівна Костенко,
Юрій Олексійович Костюк,A1367,Q30610834,Yuriy Oleksiyovych Kostuk,Юрій Олексійович Костюк,
Олександр Богданович Кістяківський,A1368,Q12116677,Oleksandr Bogdanovych Kistyakivskyi,Олександр Богданович Кістяківський,
Валерій Іванович Лисенко,A1369,Q30958389,Valery Ivanovych Lysenko,Валерій Іванович Лисенко,
Валентина Миколаївна Логвиненко,A1370,Q4265045,Valentina Mikolaivna Logvynenko,Валентина Миколаївна Логвиненко,
Єфим Іудович Лукін,A1371,Q30610192,Yefim Iudovych Lukin,Єфим Іудович Лукін,
Ольга Іванівна Лісіцина,A1372,Q85995071,Olga Ivaniva Lisitsyna,Ольга Іванівна Лісіцина,
Юрій Миколайович Макаров,A1373,,Yuriy Mikolaiovych Makarov,Юрій Миколайович Макаров,
Віра Олексіївна Мамонтова,A1374,Q23641220,Vira Oleksiivna Mamontova,Віра Олексіївна Мамонтова,
Юрій Васильович Мовчан,A1375,Q12123958,Yuriy Vasylovych Movchan,Юрій Васильович Мовчан,
Владислав Іванович Монченко,A1376,Q12124457,Vladislav Ivanovych Monchenko,Владислав Іванович Монченко,
Володимир Костянтинович Односум,A1377,,Volodimir Kostiantynovych Odnosum,Володимир Костянтинович Односум,
Петро Йосипович Павлов,A1378,,Petro Yosypovych Pavlov,Петро Йосипович Павлов,
Борис Михайлович Попов,A1379,Q12142384,Boris Mikhaylovich Popov,Борис Михайлович Попов,
Василь Георгійович Пучков,A1380,Q24025796,Vasily Georgievich Puchkov,Василь Георгійович Пучков,
Павло Васильович Пучков,A1381,,Pavlo Vasylovych Puchkov,Павло Васильович Пучков,
Іван Григорович Підоплічко,A1382,Q4362469,Ivan Grigorovych Pidoplichko,Іван Григорович Підоплічко,
Євген Миколайович Савченко,A1383,Q4404285,Yevgen Mikolaiovych Savchenko,Євген Миколайович Савченко,
Галина Дмитрівна Сергієнко,A1384,Q30961947,Halina Dmitrivna Sergienko,Галина Дмитрівна Сергієнко,
Людмила Яківна Серьогіна,A1385,,Lyudmila Yakivna Seryogina,Людмила Яківна Серьогіна,
Лідія Олексіївна Смогоржевська,A1386,Q24025807,Lidia Oleksiivna Smogorzhevska,Лідія Олексіївна Смогоржевська,
Леонід Олександрович Смогоржевський,A1387,Q12153956,Leonid Oleksandrovych Smogorzhevskyi,Леонід Олександрович Смогоржевський,
Альберт Іванович Смірнов,A1388,,Albert Ivanovych Smirnov,Альберт Іванович Смірнов,
Агнеса Полікарпівна Стадниченко,A1389,Q12157153,Agnesa Polikarpivna Stadnychenko,Агнеса Полікарпівна Стадниченко,
Володимир Іванович Таращук,A1390,Q23659053,Volodimir Ivanovych Taraschuk,Володимир Іванович Таращук,
Євгенія Михайлівна Терезникова,A1391,Q30961831,Yevgeniya Mikhailivna Tereznykova,Євгенія Михайлівна Терезникова,
В А Тесленко,A1392,Q21337379,Valentina Aleksandrovna Teslenko,Валентина Александровна Тесленко,
Валентина Гнатівна Толканіц,A1393,Q30958358,Valentina Hnativna Tolkanits,Валентина Гнатівна Толканіц,
Іраїда Олександрівна Федоренко,A1394,,Iraida Oleksandrivna Fedorenko,Іраїда Олександрівна Федоренко,
Любов Сергіївна Чернєй,A1395,Q86000546,Lyubov Sergiyivna Chernei,Любов Сергіївна Чернєй,
Віктор Петрович Шарпило,A1396,Q20070777,Viktor Petrovych Sharpylo,Віктор Петрович Шарпило,
Ганна Кіндратіївна Шевченко,A1397,,Hanna Kindratiivna Shevchenko,Ганна Кіндратіївна Шевченко,
Анатолій Якович Щербуха,A1398,Q86000976,Anatoly Yakovych Shcherbukha,Анатолій Якович Щербуха,
Віра Іванівна Юркіна,A1399,,Vira Ivanivna Yurkina,Віра Іванівна Юркіна,
